"Km","Official km","Name","Type","Source","Section","Island","Trail elevation m","Off trail m","From previous km","To next km","Leg ascent m","Leg descent m","Leg crosses","Leg gap km","Bunks","Water","Booking required","Trail Pass","Phone","Address","Hours","Link","Detail"
"12.5","12.5","Twilight Campsite","campsite","DOC","Cape Reinga to Ahipara","North","21","18","0","28.3","0","0","","","","Yes","","Yes","","","","https://www.doc.govt.nz/link/5d631de0e3a5405e944f863a7bdbd36e.aspx","Category: Basic | Facilities: Non-powered/tent sites, Shelter for cooking, Water from tap - not treated, boil before use, Toilets - non-flush, Toilets, Water supply | Bookable: No | Booking Required: No | Trail Pass: Yes | Trail Pass discount (%): 100 | Place: Te Paki Recreation Reserve | Region: Northland"
"40.7","40.7","The Bluff Campsite","campsite","Private","Cape Reinga to Ahipara","North","2","192","28.3","29.9","168","188","","","","","","","","","","",""
"70.6","70.6","Hukatere Lodge Camp","campsite","Private","Cape Reinga to Ahipara","North","2","454","29.9","16.8","22","21","","","","","","","","","","",""
"87.4","87.4","Ngapae Holiday Park","caravan-park","Private","Cape Reinga to Ahipara","North","3","314","16.8","14.1","17","15","","","","","","","(09) 406 7298","6 Matai Street Waipapakauri 0486","9:00am - 6:00pm","https://www.ngapaeholidaypark.co.nz/","Facilities: Holiday park accommodation, campground, motorhomes, powered sites for campervans, tent sites for camping | Address: 6 Matai Street Waipapakauri 0486 | Phone: (09) 406 7298 | Hours: 9:00am - 6:00pm | Website: https://www.ngapaeholidaypark.co.nz/ | Categories: RVPark LodgingBusiness"
"101.5","101.5","Ahipara Holiday Park","accommodation","Private","The Northland Forests","North","7","233","14.1","1.3","14","10","","","","","","","(09) 409 4864","164-170 Takahe St, Ahipara","","https://ahiparaholidaypark.co.nz/","Facilities: Accommodation, tent and power sites for campervans and caravans, cabins and a self-contained lodge. | Address: 164-170 Takahe St, Ahipara | Phone: (09) 409 4864 | Website: https://ahiparaholidaypark.co.nz/ | Categories: LodgingBusiness"
"102.8","102.8","Ahipara","resupply","Resupply","The Northland Forests","North","16","2","1.3","13.2","10","1","","","","","","","","","","","Ahipara Superette: groceries and post shop. Cafe closes 2pm. First resupply after Cape Reinga."
"116","116","Kaitaia","town","Resupply","The Northland Forests","North","19","304","13.2","39.2","60","57","","","","","","","","","","","Pak'nSave, Bells Produce, two bulk-food shops. 14 km inland from Ahipara; hitch or bus."
"155.2","155.2","Makene Road Campsite","campsite","Private","The Northland Forests","North","41","26","39.2","6.1","1259","1237","","","","","","","trishterran@gmail.com","","","","Phone: trishterran@gmail.com"
"161.3","161.3","Mangamuka Bridge Dairy","food","Resupply","The Northland Forests","North","20","16","6.1","16.5","16","37","","","","","","","","","","","Dairy and takeaways on SH1, Mon-Fri 7am-6pm. Phone charging. Snacks only."
"177.8","177.8","Blackbridge Road Campsite","campsite","DOC","The Northland Forests","North","302","71","16.5","20.6","586","304","","","","Yes","","Yes","","","","","Category: Backcountry | Facilities: Water, toilet | Bookable: No | Booking Required: No | Trail Pass: Yes | Trail Pass discount (%): 100 | Place: Blackbridge Road | Region: Northland"
"198.4","198.4","Puketi Recreation Area Campsite","campsite","DOC","The Northland Forests","North","340","13","20.6","0.1","746","708","","","","Yes","Yes","Yes","","","","https://www.doc.govt.nz/link/0ae368ae422245ea85a7b4271edb7484.aspx","Category: Standard | Facilities: BBQ, Fire pit/place for campfires (except in fire bans), Non-powered/tent sites, Shower - cold, Water from tap - not treated, boil before use, Wheelchair accessible with assistance, Toilets - non-flush, Toilets, Water supply | Bookable: Yes | Booking Required: Yes | Trail Pass: Yes | Trail Pass discount (%): 100 | Place: Puketi and Omahuta Forests | Region: Northland"
"198.4","198.4","Puketi Forest Hut","hut","DOC","The Northland Forests","North","340","16","0.1","23.2","0","0","","","","Yes","Yes","Yes","","","","https://www.doc.govt.nz/link/de31f23db252446cad29c2e6de41e3ef.aspx","Category: Serviced | Facilities: Cooking, Heating, Mattresses, Lighting, Toilets - non-flush, Water from tap - not treated, boil before use, Water supply | Bookable: Yes | Booking Required: Yes | Trail Pass: Yes | Trail Pass discount (%): 20 | More Info: Camping (booking required) next to hut included in The Trail Pass. | Place: Puketi and Omahuta Forests | Region: Northland"
"221.6","221.6","Kerikeri","town","Resupply","Mangakaretu to Kerikeri","North","39","729","23.2","23.6","108","409","","","","","","","","","","","New World and Countdown. Full resupply, hostels."
"245.2","245.2","Paihia","town","Resupply","Paihia to Ōpua Coastal Walkway","North","5","16","23.6","3.4","470","504","","","","","","","","","","","Countdown Central plus a larger Countdown at Waitangi. Four Square on Williams Rd."
"248.5","248.5","Paihia Top 10 Holiday Park","accommodation","Private","Paihia to Ōpua Coastal Walkway","North","5","60","3.4","3.4","65","65","","","","","","","(09) 402 7678","1290 State Highway 11, Paihia,","9:00am - 6:00pm","http://www.beachsideholiday.co.nz","Facilities: Accommodation: powered caravan/campervan sites, tents, Kayak hire, dump station | Address: 1290 State Highway 11, Paihia, | Phone: (09) 402 7678 | Hours: 9:00am - 6:00pm | Website: http://www.beachsideholiday.co.nz | Categories: LodgingBusiness"
"251.9","251.9","Opua","resupply","Resupply","Waikare Connection - by Water","North","0","49","3.4","70.6","79","85","","","","","","","","","","","Small general store, expensive. Ferry point."
"322.5","322.5","Whananaki","resupply","Resupply","Waikare to Ngunguru","North","6","1221","70.6","8.7","1695","1689","","","","","","","","","","","Whananaki Superette: limited supplies. Holiday park with a hut for TA walkers."
"331.2","331.2","Matapouri","resupply","Resupply","Waikare to Ngunguru","North","19","2919","8.7","16.4","308","295","","","","","","","","","","","Small general store."
"347.6","347.6","Ngunguru","resupply","Resupply","Waikare to Ngunguru","North","2","40","16.4","1.6","430","447","","","","","","","","","","","Four Square dairy and takeaway, plus cafes. Limited and expensive."
"349.1","349.1","Nikau Bay","campsite","Private","Ngunguru to Pataua North","North","16","69","1.6","58.2","16","2","","","","","","","","","","",""
"407.3","407.3","Whangarei","town","Resupply","Bream Bay Walk","North","2","36000","58.2","6.8","1908","1915","Whangarei Heads","1.1","","","","","","","","","Countdown and Woolworths, hostels, buses. Inland from the Heads; a detour, not on route. Leave at the Whangarei Heads / Marsden Point crossing."
"414.1","414.1","Ruakaka","town","Resupply","Bream Bay Walk","North","0","1281","6.8","3.9","2","4","","","","","","","","","","","FreshChoice supermarket and takeaways."
"418","418","Ruakaka Reserve Motor Camp","caravan-park","Private","Bream Bay Walk","North","1","342","3.9","3.5","3","1","","","","","","","(09) 432 7590","21 Ruakaka Beach Road","","http://www.motorcamp.co.nz/","Facilities: motor camp | Address: 21 Ruakaka Beach Road | Phone: (09) 432 7590 | Website: http://www.motorcamp.co.nz/ | Categories: RVPark LodgingBusiness"
"421.5","421.5","Uretiti Beach Campsite","campsite","DOC","Bream Bay Walk","North","2","142","3.5","6.9","6","5","","","","Yes","Yes","Yes","","","","https://www.doc.govt.nz/link/6c1bd6b65cc247259685a1a3407b1ad8.aspx","Category: Standard | Facilities: Non-powered/tent sites, Shelter for cooking, Shower - hot, Wheelchair accessible, Water from tap - treated, suitable for drinking, Toilets - non-flush, Toilets | Bookable: Yes | Booking Required: Yes | Trail Pass: Yes | Trail Pass discount (%): 100 | Place: Waipu area | Region: Northland"
"428.4","428.4","Waipu","town","Resupply","Bream Bay Walk","North","17","11","6.9","7.4","28","13","","","","","","","","","","","Four Square, cafes, hotel with budget rooms. Camp Waipu Cove has a dairy."
"435.7","435.7","Camp Waipu Cove","food","Private","Cullen Brynderwyn Walkway","North","65","951","7.4","8.6","70","22","","","","","","","(09) 432 0410","869 Cove Road, Waipu Cove Waipu 0582","","http://www.campwaipucove.com","Facilities: camping ground | Address: 869 Cove Road, Waipu Cove Waipu 0582 | Phone: (09) 432 0410 | Website: http://www.campwaipucove.com | Categories: BarOrPub"
"444.3","444.3","Waorahi Campsite","campsite","Private","Cullen Brynderwyn Walkway","North","261","19","8.6","12.6","418","222","","","","","","","","","","",""
"456.9","456.9","Mangawhai Heads Holiday Park","campsite","Private","Mangawhai to Pākiri","North","8","27","12.6","1.5","405","658","","","","","","","","","","",""
"458.4","458.4","Mangawhai Heads","resupply","Resupply","Mangawhai to Pākiri","North","26","3","1.5","4.4","36","18","","","","","","","","","","","Four Square at 3 Wood St. Holiday park."
"462.8","462.8","Mangawhai","town","Resupply","Mangawhai to Pākiri","North","11","6","4.4","1.5","29","44","","","","","","","","","","","New World 1 km north of the village, plus a Four Square."
"464.3","464.3","Riverside Holiday Park","accommodation","Private","Mangawhai to Pākiri","North","7","50","1.5","21.2","3","7","","","","","","","(09) 431 4825","Black Swamp Road, Mangawhai","","https://www.riversideholidaypark.co.nz/","Facilities: Holiday park accommodation, camping ground | Address: Black Swamp Road, Mangawhai | Phone: (09) 431 4825 | Website: https://www.riversideholidaypark.co.nz/ | Categories: LodgingBusiness"
"485.5","485.5","Pakiri Beach Holiday Park","food","Private","Mt Tamahunga (Te Hīkoi O Te Kiri) Track","North","5","28","21.2","2.6","121","123","","","","","","","(09) 422 6199","261 Pakiri River Road, Pakiri","9:00am - 5:00pm","http://www.pakiriholidaypark.co.nz/","Facilities: Holiday park, campground, accommodation, lodges, flats, self contained units, store. Dump station. | Address: 261 Pakiri River Road, Pakiri | Phone: (09) 422 6199 | Hours: 9:00am - 5:00pm | Website: http://www.pakiriholidaypark.co.nz/ | Categories: RVPark LodgingBusiness"
"488.1","488.1","Pakiri Beach Holiday Park","resupply","Resupply","Mt Tamahunga (Te Hīkoi O Te Kiri) Track","North","40","3","2.6","6.8","48","13","","","","","","","","","","","Camp store: food, drinks, milk, bread. 9am-5pm summer only."
"494.9","494.9","Happy Dayz Accomodation","accommodation","Private","Mt Tamahunga (Te Hīkoi O Te Kiri) Track","North","318","5007","6.8","13.3","595","317","","","","","","","09 422 7149","84 Omaha Flats Rd, Matakana","8:00am- 8:00pm","","Facilities: Backpacker accommodation, camping | Address: 84 Omaha Flats Rd, Matakana | Phone: 09 422 7149 | Hours: 8:00am- 8:00pm | Categories: Hostel LodgingBusiness"
"508.2","508.2","Warkworth","town","Resupply","Govan Wilson to Pūhoi Valley","North","306","6000","13.3","25","621","632","","","","","","","","","","","Countdown, New World and a Bin Inn. About 6 km off trail. Short detour off the Dome Valley section."
"533.2","533.2","Remiger Road Campsite","campsite","DOC","Govan Wilson to Pūhoi Valley","North","25","32","25","6","894","1175","","","","","","Yes","","","","","Category: Backcountry | Bookable: No | Booking Required: No | Trail Pass: Yes | Trail Pass discount (%): 100 | Place: Remiger Rd | Region: Puhoi"
"539.1","539.1","Puhoi","resupply","Resupply","Pūhoi to Wenderholm Kayak","North","20","45","6","10.3","238","244","","","","","","","","","","","General store 7am-7pm, historic pub, three cafes."
"549.4","549.4","Wenderholm Regional Park","campsite","Private","Wenderholm to Stillwater","North","16","392","10.3","7.4","192","196","","","","","","","(09) 301 0101","37 Schishka Rd,Hibiscus Coast, Rodney County","Summer: 6:00am - 9:00pm Winter: 6:00am - 7:00pm","https://www.aucklandcouncil.govt.nz/parks-recreation/Pages/park-details.aspx?Location=3411","Facilities: camping, bbq, beach, picnic | Address: 37 Schishka Rd,Hibiscus Coast, Rodney County | Phone: (09) 301 0101 | Hours: Summer: 6:00am - 9:00pm Winter: 6:00am - 7:00pm | Website: https://www.aucklandcouncil.govt.nz/parks-recreation/Pages/park-details.aspx?Location=3411 | Categories: Park"
"556.8","556.8","Orewa","town","Resupply","Wenderholm to Stillwater","North","0","486","7.4","1.5","96","112","","","","","","","","","","","New World and Countdown, cafes, outdoor shops."
"558.3","558.3","Ōrewa Beach Holiday Park","caravan-park","Private","Wenderholm to Stillwater","North","1","189","1.5","0.1","1","0","","","","","","","0800 673 921","265 Hibiscus Coast Highway, Orewa Beach","","https://www.aucklandcouncil.govt.nz/parks-recreation/Pages/park-details.aspx?Location=3542#about","Facilities: Holiday park accommodation, tent sites for camping, powered sites for campervans, cabins | Address: 265 Hibiscus Coast Highway, Orewa Beach | Phone: 0800 673 921 | Website: https://www.aucklandcouncil.govt.nz/parks-recreation/Pages/park-details.aspx?Location=3542#about | Categories: RVPark LodgingBusiness"
"558.4","558.4","Red Beach Top 10 Holiday Park","accommodation","Private","Wenderholm to Stillwater","North","1","649","0.1","4.5","0","0","","","","","","","(09) 426 4526","23 Marie Ave, Red Beach, Orewa, Hibiscus Coast, Auckland","","http://www.pinewoods.co.nz","Facilities: Holiday campground, caravans, tents, motor homes, children's playground, trampoline | Address: 23 Marie Ave, Red Beach, Orewa, Hibiscus Coast, Auckland | Phone: (09) 426 4526 | Website: http://www.pinewoods.co.nz | Categories: LodgingBusiness"
"562.9","562.9","Silverdale","town","Resupply","Wenderholm to Stillwater","North","9","14","4.5","23.7","77","69","","","","","","","","","","","Silverdale Centre: Woolworths, Macpac, Kathmandu, ATMs."
"586.6","586.6","Browns Bay","town","Resupply","North Shore Coastal Walk","North","1","136","23.7","19","633","641","","","","","","","","","","","New World and Countdown."
"605.6","605.6","Devonport","town","Resupply","North Shore Coastal Walk","North","4","227","19","1.8","298","295","","","","","","","","","","","New World. Ferry to the city."
"607.5","607.5","Auckland CBD","town","Resupply","Coast to Coast Walkway","North","40","598","1.8","15.4","40","7","Devonport","2.9","","","","","","","","","Full resupply and gear replacement. Metro supermarkets are smaller than suburban ones."
"622.8","622.8","Mangere Bridge","town","Resupply","Onehunga to Puhinui","North","2","395","15.4","3.5","250","288","","","","","","","","","","","FreshChoice, slightly off trail."
"626.3","626.3","Ambury Regional Park","campsite","Private","Onehunga to Puhinui","North","1","53","3.5","36.4","11","12","","","","","","","09 301 0101","Ambury Road, Mangere","8am-6:30pm (winter), 8am-9pm (summer)","https://www.aucklandcouncil.govt.nz/parkmaps/map-ambury-regional-park.pdf","Facilities: Regional park, working farm, picnic sites, campervan parking, camping ground accommodation | Address: Ambury Road, Mangere | Phone: 09 301 0101 | Hours: 8am-6:30pm (winter), 8am-9pm (summer) | Website: https://www.aucklandcouncil.govt.nz/parkmaps/map-ambury-regional-park.pdf | Categories: Park"
"662.7","662.7","Papakura","town","Resupply","Botanic Gardens to Mangatāwhiri","North","20","1357","36.4","7.8","151","132","","","","","","","","","","","Pak'nSave, Countdown, New World."
"670.5","670.5","Upper Mangatawhiri Campground","campsite","Private","Botanic Gardens to Mangatāwhiri","North","49","15725","7.8","0","47","17","","","","","","","","","","","Facilities: Auckland Council"
"670.5","670.5","Repeater Campground","campsite","Private","Botanic Gardens to Mangatāwhiri","North","49","14474","0","23.3","0","0","","","","","","","","","","","Facilities: Auckland Council"
"693.8","693.8","Mangatangi Trig Campground","campsite","Private","Mangatāwhiri to Mercer","North","20","14887","23.3","0","545","574","","","","","","","","","","","Facilities: Auckland Council"
"693.8","693.8","Lower Mangatawhiri Campsite","campsite","Private","Mangatāwhiri to Mercer","North","20","12463","0","9.1","0","0","","","","","","","","","","","Facilities: Auckland Council"
"703","703","Mercer","food","Resupply","Mangatāwhiri to Mercer","North","20","156","9.1","40.7","17","17","","","","","","","","","","","Service centre with food outlets; motel with camping."
"743.7","743.7","Huntly Camping & Caravan Park","accommodation","Private","Rangiriri to Huntly","North","14","571","40.7","1","149","154","","","","","","","07 828 8363","5 Taihua St,Huntly Domain, Huntly","","","Facilities: Accommodation: tent sites, powered caravan/campervan sites, dump station | Address: 5 Taihua St,Huntly Domain, Huntly | Phone: 07 828 8363 | Categories: LodgingBusiness"
"744.7","744.7","Huntly","town","Resupply","Rangiriri to Huntly","North","17","644","1","19.9","6","3","","","","","","","","","","","Woolworths, about 1 km off trail."
"764.5","764.5","Ngaruawahia","town","Resupply","Ngāruawāhia to Hamilton - Te Awa (The River)","North","20","151","19.9","21","839","837","","","","","","","","","","","New World and cafes."
"785.5","785.5","Hamilton","town","Resupply","Hamilton City","North","44","28","21","14.3","65","41","","","","","","","","","","","Pak'nSave, Woolworths, Trek N Travel outdoor store. Full gear replacement."
"799.8","799.8","Whatawhata","food","Resupply","Waipā Walk","North","22","5","14.3","24.9","69","91","","","","","","","","","","","Petrol station store, gastro pub and village cafe."
"824.7","824.7","Kaniwhaniwha Campsite","campsite","DOC","Pirongia Traverse","North","134","13","24.9","8.3","692","580","","","","Yes","","Yes","","","","https://www.doc.govt.nz/link/39b29b71a68645bb91a284beb4e8ce9a.aspx","Category: Basic | Facilities: Water from stream, Toilets - non-flush, Toilets, Water supply | Bookable: No | Booking Required: No | Trail Pass: Yes | Trail Pass discount (%): 100 | Place: Pirongia Forest Park | Region: Waikato"
"833","833","Pahautea Hut Campsite","hut","DOC","Pirongia Traverse","North","901","4","8.3","0.1","860","92","","","","Yes","Yes","Yes","","","","https://www.doc.govt.nz/link/362328c3e2ca47ea88529cbfe15b9d7e.aspx","Category: Backcountry | Facilities: Non-powered/tent sites, Water from tap - not treated, boil before use, Toilets - non-flush, Toilets, Water supply | Bookable: Yes | Booking Required: Yes | Trail Pass: Yes | Trail Pass discount (%): 100 | Place: Pirongia Forest Park | Region: Waikato"
"833","833","Pāhautea Hut","hut","DOC","Pirongia Traverse","North","901","13","0.1","50.1","0","0","","","","Yes","Yes","Yes","","","","https://www.doc.govt.nz/link/63ba58f15d1a4c848010e394df13a84e.aspx","Category: Standard | Facilities: Mattresses, Toilets - non-flush, Water from tap - not treated, boil before use, Water supply | Bookable: Yes | Booking Required: Yes | Trail Pass: Yes | Trail Pass discount (%): 100 | Place: Pirongia Forest Park | Region: Waikato"
"883.1","883.1","Waitomo Top 10 Holiday Park","caravan-park","Private","Pirongia to Waitomo","North","64","164","50.1","0.1","1554","2391","","","","","","","(07) 878 7639","12 Waitomo Village Road Waitomo Caves Village 3977","9:00am - 8:00pm","http://www.waitomopark.co.nz","Facilities: Holiday park, campground, motorhomes, campervans, tent sites | Address: 12 Waitomo Village Road Waitomo Caves Village 3977 | Phone: (07) 878 7639 | Hours: 9:00am - 8:00pm | Website: http://www.waitomopark.co.nz | Categories: RVPark LodgingBusiness"
"883.2","883.2","Waitomo","resupply","Resupply","Pehitawa Track","North","79","134","0.1","15.6","14","0","","","","","","","","","","","Waitomo Village Store 7am-7pm, expensive. Cafes and restaurants."
"898.8","898.8","Te Kūiti","town","Resupply","Te Kūiti to Pureora","North","60","61","15.6","57.5","617","636","","","","","","","","","","","New World and SuperValue."
"956.3","956.3","Ngaherenga Campsite","campsite","DOC","Pureora Forest - The Timber Trail","North","566","352","57.5","17","1166","660","","","","Yes","Yes","Yes","","","","https://www.doc.govt.nz/link/28723ae27b854818ab3904932dc22fed.aspx","Category: Standard | Facilities: BBQ, Fire pit/place for campfires (except in fire bans), Non-powered/tent sites, Water from tap - not treated, boil before use, Toilets - non-flush, Toilets, Water supply | Bookable: Yes | Booking Required: Yes | Trail Pass: Yes | Trail Pass discount (%): 100 | Place: Pureora Forest Park | Region: Waikato"
"973.2","973.2","Bog Inn Hut","hut","DOC","Pureora Forest - The Timber Trail","North","841","532","17","18.9","657","382","","","","Yes","","Yes","","","","https://www.doc.govt.nz/link/221debd600f74c5d943105d46641ff70.aspx","Category: Standard | Facilities: Mattresses, Toilets - non-flush, Water from tap - not treated, boil before use, Water supply | Bookable: No | Booking Required: No | Trail Pass: Yes | Trail Pass discount (%): 100 | Place: Pureora Forest Park | Region: Waikato"
"992.2","992.2","Piropiro Campsite","campsite","DOC","Pureora Forest - The Timber Trail","North","436","232","18.9","41.8","314","719","","","","Yes","","Yes","","","","https://www.doc.govt.nz/link/51c87ce258ed4ce8a0ce520d4646c8d9.aspx","Category: Basic | Facilities: Fire pit/place for campfires (except in fire bans), Non-powered/tent sites, Water from stream, Toilets - non-flush, Toilets, Water supply | Bookable: No | Booking Required: No | Trail Pass: Yes | Trail Pass discount (%): 100 | Place: Pureora Forest Park | Region: Waikato"
"1033.9","1033.9","Ongarue Campsite","campsite","Private","Pureora Forest - The Timber Trail","North","200","43","41.8","26.4","769","1005","","","","","","","","","","","Facilities: Te Araroa"
"1060.3","1060.3","Taumarunui Holiday Park","caravan-park","Private","42 Traverse","North","174","3402","26.4","0.2","239","265","","","","","","","0800 473 281","487 Totara Street, Manunui 3946","","http://www.taumarunuiholidaypark.co.nz","Facilities: cabins, camping | Address: 487 Totara Street, Manunui 3946 | Phone: 0800 473 281 | Website: http://www.taumarunuiholidaypark.co.nz | Categories: RVPark LodgingBusiness"
"1060.5","1060.5","Taumarunui","town","Resupply","42 Traverse","North","172","307","0.2","26.5","0","2","","","","","","","","","","","New World at the west end. Seriously Outdoors for gear; canoe hire."
"1087","1087","Owhango","food","Resupply","42 Traverse","North","440","457","26.5","56.9","665","397","","","","","","","","","","","Blue Hill Cafe, 8am-2pm."
"1143.9","1143.9","Mangatepopo Hut","hut","DOC","Tongariro Alpine Crossing","North","1700","5368","56.9","0","2612","1352","","","","Yes","Yes","Yes","","","","https://www.doc.govt.nz/link/3aad802a585e496ba8fdd614ddf1b377.aspx","Category: Great Walk | Facilities: Cooking, Heating, Mattresses, Toilets - non-flush, Water from tap - not treated, boil before use, Water supply | Bookable: Yes | Booking Required: Yes | Trail Pass: Yes | Trail Pass discount (%): 20 | More Info: Camping next to hut included in The Trail Pass (Bookings Required) | Place: Tongariro National Park | Region: Central North Island"
"1143.9","1143.9","Mangatepopo Campsite","campsite","DOC","Tongariro Alpine Crossing","North","1700","5400","0","12.5","0","0","","","","Yes","Yes","Yes","","","","https://www.doc.govt.nz/link/164b5dfa7a064b49a369bb556a6de369.aspx","Category: Great Walk | Facilities: Water from tap - not treated, boil before use, Toilets - non-flush, Toilets, Water supply | Bookable: Yes | Booking Required: Yes | Trail Pass: Yes | Trail Pass discount (%): 100 | More Info: Camping next to hut included in The Trail Pass (Bookings Required) | Place: Tongariro National Park | Region: Central North Island"
"1156.4","1156.4","Waihohonu Campsite","campsite","DOC","Tongariro Alpine Crossing","North","1099","17","12.5","0.1","287","888","","","","Yes","Yes","Yes","","","","https://www.doc.govt.nz/link/6c7eee2391204afbb9a8716c2a930957.aspx","Category: Serviced | Facilities: Non-powered/tent sites, Water from tap - not treated, boil before use, Toilets - non-flush, Toilets, Water supply | Bookable: Yes | Booking Required: Yes | Trail Pass: Yes | Trail Pass discount (%): 100 | More Info: Camping next to hut included in The Trail Pass (Bookings Required) | Place: Tongariro National Park | Region: Central North Island"
"1156.5","1156.5","Waihohonu Hut","hut","DOC","Tongariro Alpine Crossing","North","1101","12","0.1","5.2","2","0","","","","Yes","Yes","Yes","","","","https://www.doc.govt.nz/link/8d2c9df7e97c4a178fcb02057bd891de.aspx","Category: Serviced | Facilities: Cooking, Heating, Mattresses, Toilets - non-flush, Water from tap - not treated, boil before use, Water supply | Bookable: Yes | Booking Required: Yes | Trail Pass: Yes | Trail Pass discount (%): 20 | More Info: Camping next to hut included in The Trail Pass (Bookings Required) | Place: Tongariro National Park | Region: Central North Island"
"1161.7","1161.7","Rangipo Hut","hut","DOC","Tongariro Alpine Crossing","North","1242","9753","5.2","10.4","157","17","","","","Yes","Yes","Yes","","","","https://www.doc.govt.nz/link/eee3692307b0468c91d966cdb1efe516.aspx","Category: Serviced | Facilities: Heating, Mattresses, Toilets - non-flush, Water from tap - not treated, boil before use, Water supply | Bookable: No | Booking Required: Yes | Trail Pass: Yes | Trail Pass discount (%): 20 | Place: Tongariro National Park | Region: Central North Island"
"1172.1","1172.1","Whakapapa Village","food","Resupply","Mangatepopo to National Park","North","1137","15","10.4","0.1","237","342","","","","","","","","","","","Camp store carries little more than ice blocks and muesli bars. Not a resupply."
"1172.3","1172.3","Whakapapa Holiday Park","caravan-park","Private","Mangatepopo to National Park","North","1146","26","0.1","6.1","9","0","","","","","","","07 892 3897","Whakapapa Village, Tongariro National Park - North Island > Bay of Plenty > Central North Island > Ruapehu","","https://www.whakapapa.net.nz/","Facilities: Holiday park accommodation. DOC conservation campsite, tent sites for camping, powered sites for campervans | Address: Whakapapa Village, Tongariro National Park - North Island > Bay of Plenty > Central North Island > Ruapehu | Phone: 07 892 3897 | Website: https://www.whakapapa.net.nz/ | Categories: RVPark LodgingBusiness"
"1178.4","1178.4","Blyth Hut","hut","DOC","Mangatepopo to National Park","North","1145","12186","6.1","0","228","229","","","","Yes","Yes","Yes","","","","https://www.doc.govt.nz/link/0ca39d7f38e045778d4cbd32856e5e8e.aspx","Category: Serviced | Facilities: Heating, Mattresses, Toilets - non-flush, Water from tap - not treated, boil before use, Water supply | Bookable: No | Booking Required: Yes | Trail Pass: Yes | Trail Pass discount (%): 20 | Place: Tongariro National Park | Region: Central North Island"
"1178.4","1178.4","Whakapapaiti Hut","hut","DOC","Mangatepopo to National Park","North","1145","2057","0","0","0","0","","","","Yes","Yes","Yes","","","","https://www.doc.govt.nz/link/547fba0f237d4b04b58d64c05a1cc4ca.aspx","Category: Serviced | Facilities: Heating, Mattresses, Toilets - non-flush, Water from tap - not treated, boil before use, Water supply | Bookable: No | Booking Required: Yes | Trail Pass: Yes | Trail Pass discount (%): 20 | Place: Tongariro National Park | Region: Central North Island"
"1178.4","1178.4","Mangaehuehu Hut","hut","DOC","Mangatepopo to National Park","North","1145","13906","0","1.1","0","0","","","","Yes","Yes","Yes","","","","https://www.doc.govt.nz/link/cd5521b4fd8745d4b72c98459a28e09d.aspx","Category: Serviced | Facilities: Heating, Mattresses, Toilets - non-flush, Water from tap - not treated, boil before use, Water supply | Bookable: No | Booking Required: Yes | Trail Pass: Yes | Trail Pass discount (%): 20 | Place: Tongariro National Park | Region: Central North Island"
"1179.5","1179.5","Mangaturuturu Hut","hut","DOC","Mangatepopo to National Park","North","1149","8163","1.1","6.1","29","26","","","","Yes","Yes","Yes","","","","https://www.doc.govt.nz/link/7d07c815afab4174a4293e22866cdda4.aspx","Category: Serviced | Facilities: Heating, Mattresses, Toilets - non-flush, Water from tap - not treated, boil before use, Water supply | Bookable: No | Booking Required: Yes | Trail Pass: Yes | Trail Pass discount (%): 20 | Place: Tongariro National Park | Region: Central North Island"
"1185.6","1185.6","Mangahuia Campsite","campsite","DOC","Mangatepopo to National Park","North","881","29","6.1","7.6","22","289","","","","Yes","Yes","Yes","","","","https://www.doc.govt.nz/link/2bd99c0658c34f78a0ff0cb38e8928e7.aspx","Category: Standard | Facilities: Non-powered/tent sites, Shelter for cooking, Water from tap - not treated, boil before use, Toilets - non-flush, Toilets, Water supply | Bookable: Yes | Booking Required: Yes | Trail Pass: Yes | Trail Pass discount (%): 100 | Place: Tongariro National Park | Region: Central North Island"
"1193.2","1193.2","National Park (Waimarino)","resupply","Resupply","National Park to Whanganui River","North","802","393","7.6","51.6","16","94","","","","","","","","","","","Four Square, well stocked with dehydrated meals and gas. First real shop since Whanganui."
"1244.8","1244.8","Whakahoro","food","Resupply","National Park to Whanganui River","North","120","370","51.6","0.2","964","1647","","","","","","","","","","","Blue Duck Cafe 8am-3pm Thu-Mon. DoC campsite. Blue Duck Station does meals and accommodation. Accepts resupply boxes."
"1244.9","1244.9","Whakahoro Campsite","campsite","DOC","National Park to Whanganui River","North","130","9","0.2","1.6","11","1","","","","Yes","Yes","No","","","","https://www.doc.govt.nz/link/afc10f759fa74e848e4f7c5643dccee9.aspx","Category: Great Walk | Facilities: Boat launching, Non-powered/tent sites, Shelter for cooking, Water from tap - not treated, boil before use, Wheelchair accessible with assistance, Toilets - non-flush, Toilets, Water supply | Bookable: Yes | Booking Required: Yes | Trail Pass: No | Trail Pass discount (%): 0 | Place: Whanganui National Park | Region: Manawatu/Whanganui"
"1246.5","1246.5","Mangapapa Campsite","campsite","DOC","National Park to Whanganui River","North","133","5384","1.6","7.7","46","43","","","","Yes","Yes","No","","","","https://www.doc.govt.nz/link/6428b51413ae4d68a194f66ed7c1c439.aspx","Category: Great Walk | Facilities: Non-powered/tent sites, Shelter for cooking, Water from tap - not treated, boil before use, Toilets - non-flush, Toilets, Water supply | Bookable: Yes | Booking Required: Yes | Trail Pass: No | Trail Pass discount (%): 0 | Place: Whanganui National Park | Region: Manawatu/Whanganui"
"1254.2","1254.2","Mosley's Campsite","campsite","DOC","National Park to Whanganui River","North","248","0","7.7","6.5","306","190","","","","","","Yes","","","","https://www.doc.govt.nz/parks-and-recreation/places-to-go/manawatu-wha","Category: Backcountry | Facilities: 10 non powered tent sites | Bookable: No | Booking Required: No | Trail Pass: Yes | Trail Pass discount (%): 100 | Place: Whanganui National Park | Region: Whanganui"
"1260.7","1260.7","Mangapurua Trig Campsite","campsite","DOC","National Park to Whanganui River","North","622","23","6.5","6.1","539","164","","","","","","Yes","","","","https://www.doc.govt.nz/parks-and-recreation/places-to-go/manawatu-wha","Category: Backcountry | Facilities: Toilet (non-flush) | Bookable: No | Booking Required: No | Trail Pass: Yes | Trail Pass discount (%): 100 | Place: Whanganui National Park | Region: Whanganui"
"1266.7","1266.7","Johnsons Campsite","campsite","DOC","National Park to Whanganui River","North","241","42","6.1","3.1","90","472","","","","","","Yes","","","","https://www.doc.govt.nz/parks-and-recreation/places-to-go/manawatu-wha","Category: Backcountry | Facilities: 10 non powered sites, Toilet (non-flush) | Bookable: No | Booking Required: No | Trail Pass: Yes | Trail Pass discount (%): 100 | Place: Whanganui National Park | Region: Whanganui"
"1269.9","1269.9","Ohauora Campsite","campsite","DOC","National Park to Whanganui River","North","202","4821","3.1","0.4","49","87","","","","Yes","Yes","No","","","","https://www.doc.govt.nz/link/2cd12870c93a4662b1f10f72d8daf6f3.aspx","Category: Great Walk | Facilities: Non-powered/tent sites, Shelter for cooking, Water from tap - not treated, boil before use, Toilets - non-flush, Toilets, Water supply | Bookable: Yes | Booking Required: Yes | Trail Pass: No | Trail Pass discount (%): 0 | Place: Whanganui National Park | Region: Manawatu/Whanganui"
"1270.2","1270.2","Bettjemann Campsite","campsite","DOC","National Park to Whanganui River","North","191","2","0.4","5.2","0","11","","","","","","Yes","","","","https://www.doc.govt.nz/parks-and-recreation/places-to-go/manawatu-wha","Category: Backcountry | Facilities: Toilet (non-flush) | Bookable: No | Booking Required: No | Trail Pass: Yes | Trail Pass discount (%): 100 | Place: Whanganui National Park | Region: Whanganui"
"1275.4","1275.4","John Coull Hut","hut","DOC","National Park to Whanganui River","North","132","5556","5.2","0","159","218","","","","Yes","Yes","No","","","","https://www.doc.govt.nz/link/050de1dd02ec4a3a80cc853c77b22706.aspx","Category: Great Walk | Facilities: Cooking, Heating, Mattresses, Toilets - non-flush, Water from tap - not treated, boil before use, Water supply | Bookable: Yes | Booking Required: Yes | Trail Pass: No | Trail Pass discount (%): 0 | Place: Whanganui National Park | Region: Manawatu/Whanganui"
"1275.4","1275.4","John Coull Campsite","campsite","DOC","National Park to Whanganui River","North","132","5500","0","6.4","0","0","","","","Yes","Yes","No","","","","https://www.doc.govt.nz/link/851b887589be46b89cf9ac49284cbfad.aspx","Category: Great Walk | Facilities: Non-powered/tent sites, Shelter for cooking, Water from tap - not treated, boil before use, Toilets - non-flush, Toilets, Water supply | Bookable: Yes | Booking Required: Yes | Trail Pass: No | Trail Pass discount (%): 0 | Place: Whanganui National Park | Region: Manawatu/Whanganui"
"1281.8","1281.8","Mangapurua Campsite","campsite","DOC","National Park to Whanganui River","North","63","85","6.4","1.8","346","416","","","","Yes","Yes","No","","","","https://www.doc.govt.nz/link/02535ee3e5cf478ea06216ae3d97d2c9.aspx","Category: Great Walk | Facilities: Non-powered/tent sites, Shelter for cooking, Water from tap - not treated, boil before use, Toilets - non-flush, Toilets, Water supply | Bookable: Yes | Booking Required: Yes | Trail Pass: No | Trail Pass discount (%): 0 | Place: Whanganui National Park | Region: Manawatu/Whanganui"
"1283.6","1283.6","Mangawaiiti Campsite","campsite","DOC","Whanganui River - via Whanganui River","North","61","5110","1.8","8.5","2","4","","","","Yes","Yes","No","","","","https://www.doc.govt.nz/link/64b830dec8014bbdb66d1fa4baea3c43.aspx","Category: Great Walk | Facilities: Non-powered/tent sites, Shelter for cooking, Water from tap - not treated, boil before use, Toilets - non-flush, Toilets, Water supply | Bookable: Yes | Booking Required: Yes | Trail Pass: No | Trail Pass discount (%): 0 | Place: Whanganui National Park | Region: Manawatu/Whanganui"
"1292","1292","Tīeke Marae/kāinga","hut","DOC","Whanganui River - via Whanganui River","North","42","26","8.5","0","46","65","","","","Yes","Yes","No","","","","https://www.doc.govt.nz/link/2da1ed56c192451b95ece33630dcf982.aspx","Category: Great Walk | Facilities: Cooking, Heating, Mattresses, Toilets - non-flush, Water from tap - not treated, boil before use, Water supply | Bookable: Yes | Booking Required: Yes | Trail Pass: No | Trail Pass discount (%): 0 | Place: Whanganui National Park | Region: Manawatu/Whanganui"
"1292.1","1292.1","Tīeke Marae/kāinga Campsite","campsite","DOC","Whanganui River - via Whanganui River","North","42","4","0","12.4","0","0","","","","Yes","Yes","No","","","","https://www.doc.govt.nz/link/e7bbf631c06c4ae58cfd5bf5d7e9dd28.aspx","Category: Great Walk | Facilities: Non-powered/tent sites, Shelter for cooking, Water from tap - not treated, boil before use, Toilets - non-flush, Toilets, Water supply | Bookable: Yes | Booking Required: Yes | Trail Pass: No | Trail Pass discount (%): 0 | Place: Whanganui National Park | Region: Manawatu/Whanganui"
"1304.5","1304.5","Ngaporo Campsite","campsite","DOC","Whanganui River - via Whanganui River","North","88","130","12.4","9.1","219","173","","","","Yes","Yes","No","","","","https://www.doc.govt.nz/link/90002a5fb427415a9343553c9a532c84.aspx","Category: Great Walk | Facilities: Non-powered/tent sites, Shelter for cooking, Water from tap - not treated, boil before use, Toilets - non-flush, Toilets, Water supply | Bookable: Yes | Booking Required: Yes | Trail Pass: No | Trail Pass discount (%): 0 | Place: Whanganui National Park | Region: Manawatu/Whanganui"
"1313.6","1313.6","Pipiriki","food","Resupply","Whanganui River - via Whanganui River","North","40","190","9.1","22.3","59","107","","","","","","","","","","","Minimal cafe and shop at the campground. Jetboat transfers."
"1335.8","1335.8","Matahiwi","food","Resupply","Whanganui River - via Whanganui River","North","20","325","22.3","16.7","18","37","","","","","","","","","","","Matahiwi Gallery and Cafe: coffee, cold drinks, local knowledge."
"1352.6","1352.6","Downes Hut","hut","DOC","Whanganui River - via Whanganui River","North","21","64","16.7","44.2","13","12","","","","Yes","Yes","Yes","","","","https://www.doc.govt.nz/link/e7545c0b272d40de9218b860bd5b2b48.aspx","Category: Serviced | Facilities: Heating, Mattresses, Toilets - non-flush, Water from tap - not treated, boil before use, Water supply | Bookable: No | Booking Required: Yes | Trail Pass: Yes | Trail Pass discount (%): 20 | Place: Whanganui National Park | Region: Manawatu/Whanganui"
"1396.7","1396.7","Wanganui Top 10 Holiday Park","caravan-park","Private","Whanganui River - via Whanganui River","North","20","29","44.2","3.4","27","28","","","","","","","(06) 343 8402","460 Somme Parade, Upper Aramoho, Wanganui","","http://www.wrivertop10.co.nz","Facilities: Holiday park accommodation, motel units, campground, motorhomes, campervans, tent & powered sites | Address: 460 Somme Parade, Upper Aramoho, Wanganui | Phone: (06) 343 8402 | Website: http://www.wrivertop10.co.nz | Categories: RVPark LodgingBusiness"
"1400.1","1400.1","Caroline's Outback Camping Ground","food","Private","Whanganui River - via Whanganui River","North","20","21","3.4","3.5","0","0","","","","","","","(06) 281 3377","181 Somme Parade, Aramoho, Wanganui","","https://nzcamping.com/camp-directory/camp-listing/north-island/whanganui-manawatu/carolines-outback-camping-ground/","Facilities: Bar & restaurant. Campervan park accommodation: tent sites for camping, powered sites for caravans & campervans, dump station | Address: 181 Somme Parade, Aramoho, Wanganui | Phone: (06) 281 3377 | Website: https://nzcamping.com/camp-directory/camp-listing/north-island/whanganui-manawatu/carolines-outback-camping-ground/ | Categories: BarOrPub Restaurant RVPark LodgingBusiness"
"1403.6","1403.6","Whanganui","town","Resupply","Whanganui River - via Whanganui River","North","20","458","3.5","58.5","0","0","","","","","","","","","","","New World, Countdown, Pak'nSave. Kathmandu; Wilsons Hunting and Outdoors stores bounce boxes. Accepts resupply boxes."
"1462.1","1462.1","Bulls","town","Resupply","Bulls to Feilding","North","46","0","58.5","1.2","161","135","","","","","","","","","","","Four Square at 114 Bridge St, plus takeaways."
"1463.3","1463.3","Bulls Motel and Holiday Park","accommodation","Private","Bulls to Feilding","North","39","24","1.2","20.4","0","7","","","","","","","(06) 322 0894","2 Bridge Street, Bulls","","https://www.bullsmotel.co.nz/","Facilities: Accommodation: motel, tent sites, powered caravan/campervan sites | Address: 2 Bridge Street, Bulls | Phone: (06) 322 0894 | Website: https://www.bullsmotel.co.nz/ | Categories: Motel LodgingBusiness"
"1483.7","1483.7","Feilding","town","Resupply","Bulls to Feilding","North","70","13","20.4","9","149","118","","","","","","","","","","","New World, Bin Inn. Friday farmers market. 2-3 km off trail."
"1492.7","1492.7","Bunnythorpe","food","Resupply","Feilding to Palmerston North","North","54","36","9","10.4","3","19","","","","","","","","","","","Dairy, takeaway bar and toilets, on trail."
"1503.1","1503.1","Palmerston North","town","Resupply","Feilding to Palmerston North","North","34","106","10.4","33.5","3","23","","","","","","","","","","","Pak'nSave, Woolworths, New World, Bin Inn. Full resupply."
"1536.5","1536.5","Moturimu Shelter","hut","Private","Palmerston North to Poads Road","North","357","20","33.5","14.8","1059","736","","","","","","","","","","","Facilities: shelter | Categories: Free Shelter and Campsite"
"1551.3","1551.3","Ian and Franks Hut","hut","Private","Palmerston North to Poads Road","North","300","9","14.8","14.3","894","951","","","","","","","","","","","Facilities: Free hut | Categories: Free Shelter and Campsite"
"1565.6","1565.6","Millblock Campsite","campsite","Private","Palmerston North to Poads Road","North","198","7","14.3","7.5","611","713","","","","","","","","","","","Facilities: campsite | Categories: Free Campsite"
"1573.1","1573.1","Levin","town","Resupply","Palmerston North to Poads Road","North","111","9000","7.5","10.8","69","156","","","","","","","","","","","Pak'nSave, New World, Countdown. About 9 km off trail. Leave at Poads Rd."
"1583.9","1583.9","Waiopehu Hut","hut","DOC","Tararua Ranges","North","969","6","10.8","5.4","986","128","","","","Yes","","Yes","","","","https://www.doc.govt.nz/link/803ae819bc854ab3b30b982adccc0fe9.aspx","Category: Standard | Facilities: Mattresses, Toilets - non-flush, Water from tap - not treated, boil before use, Water supply | Bookable: No | Booking Required: No | Trail Pass: Yes | Trail Pass discount (%): 100 | Place: Tararua Forest Park | Region: Wellington/Kapiti"
"1589.3","1589.3","Te Matawai Hut","hut","DOC","Tararua Ranges","North","890","0","5.4","7.4","505","584","","","","Yes","","Yes","","","","https://www.doc.govt.nz/link/5df70ad193af40628391da8a78694d4d.aspx","Category: Standard | Facilities: Heating, Mattresses, Toilets - non-flush, Water from tap - not treated, boil before use, Water supply | Bookable: No | Booking Required: No | Trail Pass: Yes | Trail Pass discount (%): 100 | Place: Tararua Forest Park | Region: Wellington/Kapiti"
"1596.7","1596.7","Dracophyllum Hut","hut","DOC","Tararua Ranges","North","1094","27","7.4","5.1","733","528","","","","Yes","","Yes","","","","https://www.doc.govt.nz/link/58a79cf633714d24859bbb65e8c23404.aspx","Category: Basic/bivvies | Facilities: Mattresses, Toilets - non-flush, Water from tap - not treated, boil before use, Water supply | Bookable: No | Booking Required: No | Trail Pass: Yes | Trail Pass discount (%): 100 | Place: Tararua Forest Park | Region: Wellington/Kapiti"
"1601.8","1601.8","Nichols Hut","hut","DOC","Tararua Ranges","North","1199","89","5.1","8.4","518","414","","","","Yes","","Yes","","","","https://www.doc.govt.nz/link/6e969bfdc564437bbff66a881b21244d.aspx","Category: Standard | Facilities: Heating, Mattresses, Toilets - non-flush, Water from tap - not treated, boil before use, Water supply | Bookable: No | Booking Required: No | Trail Pass: Yes | Trail Pass discount (%): 100 | Place: Tararua Forest Park | Region: Wairarapa"
"1610.2","1610.2","Waitewaewae Hut","hut","DOC","Tararua Ranges","North","299","39","8.4","9.9","387","1286","","","","Yes","","Yes","","","","https://www.doc.govt.nz/link/4e1856fd54044be991707b85d4f9fd0a.aspx","Category: Standard | Facilities: Heating, Mattresses, Toilets - non-flush, Water from tap - not treated, boil before use, Water supply | Bookable: No | Booking Required: No | Trail Pass: Yes | Trail Pass discount (%): 100 | Place: Ōtaki Forks area | Region: Wellington/Kapiti"
"1620.1","1620.1","Parawai Lodge","hut","DOC","Tararua Ranges","North","116","95","9.9","0.2","564","747","","","","Yes","","Yes","","","","https://www.doc.govt.nz/link/d64d2e60b61f42fcad82f349ce48e9d0.aspx","Category: Standard | Facilities: Heating, Mattresses, Toilets - non-flush, Water from tap - not treated, boil before use, Water supply | Bookable: No | Booking Required: No | Trail Pass: Yes | Trail Pass discount (%): 100 | Place: Ōtaki Forks area | Region: Wellington/Kapiti"
"1620.3","1620.3","Boielles Campsite","campsite","DOC","Tararua Ranges","North","100","13","0.2","25.8","0","16","","","","Yes","Yes","Yes","","","","https://www.doc.govt.nz/parks-and-recreation/places-to-go/wellington-k","Category: Standard | Facilities: 15 non powered sites, Toilets (flush), water, cooking shelter | Bookable: Yes | Booking Required: Yes | Trail Pass: Yes | Trail Pass discount (%): 100 | Place: Tararua Forest Park | Region: Wellington"
"1646.1","1646.1","Waikanae","town","Resupply","Pukeatua Track","North","31","203","25.8","4.6","1092","1161","","","","","","","","","","","Countdown and New World near the town centre. No backpackers."
"1650.7","1650.7","El Rancho","caravan-park","Private","Kāpiti Coast","North","11","372","4.6","5.6","0","20","","","","","","","64 4 902 6287","58 Weggery Drive,  Waikanae Beach, Kapiti Coast New Zealand","","http://www.elrancho.co.nz","Facilities: Waikanae Christian Holiday park, camping ground, accommodation, conference centre, Zenbu Wi-Fi wireless internet, cheap, no time limit wifi hot-spot. | Address: 58 Weggery Drive,  Waikanae Beach, Kapiti Coast New Zealand | Phone: 64 4 902 6287 | Website: http://www.elrancho.co.nz | Categories: RVPark LodgingBusiness"
"1656.3","1656.3","Paraparaumu Beach","town","Resupply","Kāpiti Coast","North","2","124","5.6","12.1","13","22","","","","","","","","","","","Cafes, shops and a small supermarket."
"1668.4","1668.4","Paekakariki","resupply","Resupply","Escarpment Track","North","19","2","12.1","24.1","81","64","","","","","","","","","","","Dairy/grocery, two fruit and vegetable shops, cafes and a pub."
"1692.5","1692.5","Porirua","town","Resupply","Rangituhi/ Colonial Knob Walk","North","17","16","24.1","1.7","693","695","","","","","","","","","","","New World, Woolworths and Pak'nSave together, 150 m off trail."
"1694.2","1694.2","Camp Elsdon","accommodation","Private","Rangituhi/ Colonial Knob Walk","North","54","32","1.7","32.1","50","13","","","","","","","(04) 237 8987","18 Raiha Street, Porirua","","https://www.campelsdon.co.nz/","Facilities: Accommodation: tent sites, powered caravan/campervan sites, dump station | Address: 18 Raiha Street, Porirua | Phone: (04) 237 8987 | Website: https://www.campelsdon.co.nz/ | Categories: LodgingBusiness"
"1726.3","1726.3","Wellington","town","Resupply","Wellington City","North","6","2","32.1","12.6","1515","1562","","","","","","","","","","","Capital: full resupply, gear stores, bulk-food refilleries. End of the North Island. Accepts resupply boxes."
"1739","1739","Picton","town","Resupply","Queen Charlotte Track","South","10","0","12.6","5.7","504","498","Te Moana O Raukawa","52.7","","","","","","","","","Four Square and FreshChoice on High St. Ferry arrival; off the walking route. Ferry landing; walk resumes at Ship Cove by water taxi."
"1744.6","1744.6","Schoolhouse Bay Campsite","campsite","DOC","Queen Charlotte Track","South","24","2","5.7","21.8","465","452","","","","Yes","Yes","Yes","","","","https://www.doc.govt.nz/link/dd981b90ab7c419ab90e3d4aea0e7a20.aspx","Category: Backcountry | Facilities: Non-powered/tent sites, Water from tap - not treated, boil before use, Toilets - non-flush, Toilets, Water supply | Bookable: Yes | Booking Required: Yes | Trail Pass: Yes | Trail Pass discount (%): 100 | Place: Queen Charlotte Sound/Tōtaranui area | Region: Marlborough"
"1766.4","1766.4","Camp Bay Campsite","campsite","DOC","Queen Charlotte Track","South","19","36","21.8","8.6","1284","1288","","","","Yes","Yes","Yes","","","","https://www.doc.govt.nz/link/b83c41525a7e44f5a68e43f3dba66806.aspx","Category: Standard | Facilities: Non-powered/tent sites, Shelter for cooking, Toilets - flush, Water from tap - not treated, boil before use, Toilets, Water supply | Bookable: Yes | Booking Required: Yes | Trail Pass: Yes | Trail Pass discount (%): 100 | Place: Queen Charlotte Sound/Tōtaranui area | Region: Marlborough"
"1775","1775","Bay Of Many Coves Campsite","campsite","DOC","Queen Charlotte Track","South","344","2","8.6","9.5","694","369","","","","Yes","Yes","Yes","","","","https://www.doc.govt.nz/link/dc39330f148546d3a7cc520648aa478b.aspx","Category: Backcountry | Facilities: Non-powered/tent sites, Shelter for cooking, Water from tap - not treated, boil before use, Toilets - non-flush, Toilets, Water supply | Bookable: Yes | Booking Required: Yes | Trail Pass: Yes | Trail Pass discount (%): 100 | Place: Queen Charlotte Sound/Tōtaranui area | Region: Marlborough"
"1784.5","1784.5","Black Rock Campsite","campsite","DOC","Queen Charlotte Track","South","321","87","9.5","5.1","492","516","","","","Yes","Yes","Yes","","","","https://www.doc.govt.nz/link/249c17cb99de4df78352abfc0bf90251.aspx","Category: Backcountry | Facilities: Non-powered/tent sites, Water from tap - not treated, boil before use, Toilets - non-flush, Toilets, Water supply | Bookable: Yes | Booking Required: Yes | Trail Pass: Yes | Trail Pass discount (%): 100 | Place: Queen Charlotte Sound/Tōtaranui area | Region: Marlborough"
"1789.6","1789.6","Cowshed Bay Campsite","campsite","DOC","Queen Charlotte Track","South","106","319","5.1","7.5","227","442","","","","Yes","Yes","Yes","","","","https://www.doc.govt.nz/link/871fc80fc80643bda32c8c92d357f503.aspx","Category: Standard | Facilities: Non-powered/tent sites, Shelter for cooking, Shower - cold, Toilets - flush, Water from tap - not treated, boil before use, Wheelchair accessible with assistance, Toilets, Water supply | Bookable: Yes | Booking Required: Yes | Trail Pass: Yes | Trail Pass discount (%): 100 | Place: Pelorus Sound/Te Hoiere and Kenepuru Sound area | Region: Marlborough"
"1797.1","1797.1","Eco Village Mistletoe Bay","caravan-park","Private","Queen Charlotte Track","South","94","365","7.5","5.5","483","495","","","","","","","021 131 8283","Mistletoe Bay Recreation Reserve, Marlborough Sounds","","https://www.mistletoebay.co.nz/","Facilities: Accommodation, camping | Address: Mistletoe Bay Recreation Reserve, Marlborough Sounds | Phone: 021 131 8283 | Website: https://www.mistletoebay.co.nz/ | Categories: RVPark LodgingBusiness"
"1802.6","1802.6","Picton Holiday Park","caravan-park","Private","Queen Charlotte Track","South","189","6131","5.5","0","295","200","","","","","","","03 573 7212","5 Waimarama Street Picton 7220","","https://tasmanholidayparks.com/nz/picton/","Facilities: Holiday park, campground, motorhomes, campervans, tent sites for camping | Address: 5 Waimarama Street Picton 7220 | Phone: 03 573 7212 | Website: https://tasmanholidayparks.com/nz/picton/ | Categories: RVPark LodgingBusiness"
"1802.6","1802.6","Alexanders Holiday Park","accommodation","Private","Queen Charlotte Track","South","189","6464","0","3.7","0","0","","","","","","","(03) 573 6378","2 Canterbury Street, Picton","","https://www.alexanderspicton.co.nz/","Facilities: Accommodation: cabins, tent sites powered and unpowered, caravans, campervans, dump station | Address: 2 Canterbury Street, Picton | Phone: (03) 573 6378 | Website: https://www.alexanderspicton.co.nz/ | Categories: LodgingBusiness"
"1806.3","1806.3","Davies Bay Campsite","campsite","DOC","Queen Charlotte Track","South","5","144","3.7","22.7","245","429","","","","Yes","Yes","Yes","","","","https://www.doc.govt.nz/link/fbe583efe8904b569a3a4fd59a5dd501.aspx","Category: Backcountry | Facilities: Non-powered/tent sites, Shelter for cooking, Water from tap - not treated, boil before use, Toilets - non-flush, Toilets, Water supply | Bookable: Yes | Booking Required: Yes | Trail Pass: Yes | Trail Pass discount (%): 100 | Place: Queen Charlotte Sound/Tōtaranui area | Region: Marlborough"
"1829","1829","Havelock Holiday Park","accommodation","Private","Anakiwa to Pelorus Bridge","South","9","17","22.7","0.1","811","807","","","","","","","021 082 67068","24 Inglis Street, Havelock","","https://www.havelockholidaypark.kiwi/#/","Facilities: Accommodation: basic cabins, tent sites, powered caravan/campervan sites, dump station | Address: 24 Inglis Street, Havelock | Phone: 021 082 67068 | Website: https://www.havelockholidaypark.kiwi/#/ | Categories: LodgingBusiness"
"1829.1","1829.1","Havelock","town","Resupply","Anakiwa to Pelorus Bridge","South","13","51","0.1","21.4","5","0","","","","","","","","","","","Small Four Square, post office, cafes. Havelock Holiday Park accepts food parcels. Accepts resupply boxes."
"1850.4","1850.4","Pelorus Bridge Campground","campsite","DOC","Pelorus River Track","South","68","385","21.4","22","100","45","","","","Yes","Yes","Yes","","","","https://www.doc.govt.nz/link/13f853ce73b8447eb57ed9fe85c33d6e.aspx","Category: Serviced | Facilities: Cookers/electric stove, Non-powered/tent sites, Phone, Powered sites, Shelter for cooking, Shower - hot, Wheelchair accessible, Water from tap - treated, suitable for drinking, Toilets - non-flush, Toilets | Bookable: Yes | Booking Required: Yes | Trail Pass: Yes | Trail Pass discount (%): 20 | Place: Pelorus Bridge Scenic Reserve | Region: Marlborough"
"1872.4","1872.4","Captains Creek Hut","hut","DOC","Pelorus River Track","South","121","70","22","4.8","888","836","","","","Yes","","Yes","","","","https://www.doc.govt.nz/link/24384e1bdf7544549153aef93ce5f7dc.aspx","Category: Standard | Facilities: Heating, Mattresses, Toilets - non-flush, Water from stream, Water supply | Bookable: No | Booking Required: No | Trail Pass: Yes | Trail Pass discount (%): 100 | Place: Mount Richmond Forest Park | Region: Marlborough"
"1877.2","1877.2","Middy Creek Hut","hut","DOC","Pelorus River Track","South","158","23","4.8","4.8","387","350","","","","Yes","","Yes","","","","https://www.doc.govt.nz/link/6a16800d8ec84e2cab775a8146096246.aspx","Category: Standard | Facilities: Heating, Mattresses, Toilets - non-flush, Water from stream, Water supply | Bookable: No | Booking Required: No | Trail Pass: Yes | Trail Pass discount (%): 100 | Place: Mount Richmond Forest Park | Region: Marlborough"
"1882","1882","Rocks Hut","hut","DOC","Pelorus River Track","South","810","5","4.8","10.7","673","21","","","","Yes","","Yes","","","","https://www.doc.govt.nz/link/023da8553a7f49fa849a4cdbae8e806c.aspx","Category: Standard | Facilities: Heating, Mattresses, Toilets - non-flush, Water from tap - not treated, boil before use, Water supply | Bookable: No | Booking Required: No | Trail Pass: Yes | Trail Pass discount (%): 100 | Place: Mount Richmond Forest Park | Region: Marlborough"
"1892.6","1892.6","Browning Hut","hut","DOC","Pelorus River Track","South","481","2","10.7","2.4","402","730","","","","Yes","","Yes","","","","https://www.doc.govt.nz/link/4ba6f86f2030455e9a60bae6f4744ed8.aspx","Category: Standard | Facilities: Heating, Mattresses, Toilets - non-flush, Water from stream, Water supply | Bookable: No | Booking Required: No | Trail Pass: Yes | Trail Pass discount (%): 100 | Place: Mount Richmond Forest Park | Region: Nelson/Tasman"
"1895","1895","Nelson","town","Resupply","Richmond Alpine Track","South","267","29000","2.4","1","28","243","","","","","","","","","","","Supermarkets, outdoor shops, backpackers. About 29 km off trail from Hacket car park. Leave at the Hacket car park, start of the Richmond Alpine Track."
"1896","1896","Hacket Hut","hut","DOC","Richmond Alpine Track","South","260","3","1","5.9","48","55","","","","Yes","","Yes","","","","https://www.doc.govt.nz/link/8a7754d26feb413ea177fa006ce6ec5b.aspx","Category: Standard | Facilities: Heating, Mattresses, Toilets - non-flush, Water from stream, Water supply | Bookable: No | Booking Required: No | Trail Pass: Yes | Trail Pass discount (%): 100 | Place: Mount Richmond Forest Park | Region: Nelson/Tasman"
"1901.9","1901.9","Starveall Hut","hut","DOC","Richmond Alpine Track","South","1187","83","5.9","4.9","986","59","","","","Yes","","Yes","","","","https://www.doc.govt.nz/link/8b403b57449f4588b55ea676a01d47b4.aspx","Category: Standard | Facilities: Heating, Mattresses, Toilets - non-flush, Water from tap - not treated, boil before use, Water supply | Bookable: No | Booking Required: No | Trail Pass: Yes | Trail Pass discount (%): 100 | Place: Mount Richmond Forest Park | Region: Nelson/Tasman"
"1906.8","1906.8","Slaty Hut","hut","DOC","Richmond Alpine Track","South","1388","10","4.9","8.1","495","294","","","","Yes","","Yes","","","","https://www.doc.govt.nz/link/dfc191ebf2a14b208aa546f836240b40.aspx","Category: Standard | Facilities: Heating, Mattresses, Toilets - non-flush, Water from tap - not treated, boil before use, Water supply | Bookable: No | Booking Required: No | Trail Pass: Yes | Trail Pass discount (%): 100 | Place: Mount Richmond Forest Park | Region: Nelson/Tasman"
"1915","1915","Old Man Hut","hut","DOC","Richmond Alpine Track","South","1316","613","8.1","4.8","520","592","","","","Yes","","Yes","","","","https://www.doc.govt.nz/link/d9248299483640cda4dc33f1d497f33d.aspx","Category: Standard | Facilities: Heating, Mattresses, Toilets - non-flush, Water from tap - not treated, boil before use, Water supply | Bookable: No | Booking Required: No | Trail Pass: Yes | Trail Pass discount (%): 100 | Place: Mount Richmond Forest Park | Region: Marlborough"
"1919.7","1919.7","Mt Rintoul Hut","hut","DOC","Richmond Alpine Track","South","1236","3","4.8","8.3","679","759","","","","Yes","","Yes","","","","https://www.doc.govt.nz/link/bc782d530e4a4aed90ba579583b4d861.aspx","Category: Standard | Facilities: Heating, Mattresses, Toilets - non-flush, Water from tap - not treated, boil before use, Water supply | Bookable: No | Booking Required: No | Trail Pass: Yes | Trail Pass discount (%): 100 | Place: Mount Richmond Forest Park | Region: Marlborough"
"1928","1928","Tarn Hut","hut","DOC","Richmond Alpine Track","South","1020","9","8.3","6.8","480","695","","","","Yes","","Yes","","","","https://www.doc.govt.nz/link/d7d5f551bb584272bea9a9177d59927c.aspx","Category: Standard | Facilities: Heating, Mattresses, Toilets - non-flush, Water from tap - not treated, boil before use, Water supply | Bookable: No | Booking Required: No | Trail Pass: Yes | Trail Pass discount (%): 100 | Place: Mount Richmond Forest Park | Region: Marlborough"
"1934.8","1934.8","Mid Wairoa Hut","hut","DOC","Richmond Alpine Track","South","379","5","6.8","6.9","318","959","","","","Yes","","Yes","","","","https://www.doc.govt.nz/link/1c5a5813e29545cd88584224df3513c1.aspx","Category: Standard | Facilities: Heating, Mattresses, Toilets - non-flush, Water from stream, Water supply | Bookable: No | Booking Required: No | Trail Pass: Yes | Trail Pass discount (%): 100 | Place: Mount Richmond Forest Park | Region: Nelson/Tasman"
"1941.7","1941.7","Top Wairoa Hut","hut","DOC","Richmond Alpine Track","South","858","13","6.9","10.2","597","119","","","","Yes","","Yes","","","","https://www.doc.govt.nz/link/c87b1791147e451fb37c99bf5891a03f.aspx","Category: Standard | Facilities: Heating, Mattresses, Toilets - non-flush, Water from stream, Water supply | Bookable: No | Booking Required: No | Trail Pass: Yes | Trail Pass discount (%): 100 | Place: Mount Richmond Forest Park | Region: Nelson/Tasman"
"1951.9","1951.9","Hunters Hut","hut","DOC","Richmond Alpine Track","South","842","6","10.2","6.8","803","819","","","","Yes","","Yes","","","","https://www.doc.govt.nz/link/4779357f75c645358c4c23ab4017f2b2.aspx","Category: Standard | Facilities: Heating, Mattresses, Toilets - non-flush, Water from tap - not treated, boil before use, Water supply | Bookable: No | Booking Required: No | Trail Pass: Yes | Trail Pass discount (%): 100 | Place: Mount Richmond Forest Park | Region: Nelson/Tasman"
"1958.7","1958.7","Porters Creek Hut","hut","DOC","Richmond Alpine Track","South","895","2","6.8","11.3","572","519","","","","Yes","","Yes","","","","https://www.doc.govt.nz/link/6af41d9fa22b474cbf477321b3f0bde1.aspx","Category: Standard | Facilities: Heating, Mattresses, Toilets - non-flush, Water from stream, Water supply | Bookable: No | Booking Required: No | Trail Pass: Yes | Trail Pass discount (%): 100 | Place: Mount Richmond Forest Park | Region: Nelson/Tasman"
"1970","1970","Red Hills Hut","hut","DOC","Richmond Alpine Track","South","904","53","11.3","20.5","680","671","","","","Yes","","Yes","","","","https://www.doc.govt.nz/link/4aa7dc66ccc147b6999349d86e6eafd0.aspx","Category: Standard | Facilities: Mattresses, Toilets - non-flush, Water from tap - not treated, boil before use, Water supply | Bookable: No | Booking Required: No | Trail Pass: Yes | Trail Pass discount (%): 100 | Place: Mount Richmond Forest Park | Region: Nelson/Tasman"
"1990.5","1990.5","St Arnaud","resupply","Resupply","Richmond Alpine Track","South","640","5","20.5","0.7","714","978","","","","","","","","","","","General store and 24 hr NPD station; DoC centre sells gas and dehydrated meals. Alpine Lodge holds parcels ($15-30). Expensive. Accepts resupply boxes."
"1991.1","1991.1","Kerr Bay Campsite","campsite","DOC","Waiau Pass Track","South","628","110","0.7","8.9","0","12","","","","Yes","Yes","Yes","","","","https://www.doc.govt.nz/link/d734a70dd6584ff995102388fb169168.aspx","Category: Serviced | Facilities: Boat launching, Cookers/electric stove, Dump station, Non-powered/tent sites, Powered sites, Shelter for cooking, Shower - hot, Toilets - flush, Wheelchair accessible, Water from tap - treated, suitable for drinking, Toilets | Bookable: Yes | Booking Required: Yes | Trail Pass: Yes | Trail Pass discount (%): 20 | Place: Nelson Lakes National Park | Region: Nelson/Tasman"
"2000.1","2000.1","Speargrass Hut","hut","DOC","Waiau Pass Track","South","620","6044","8.9","0.1","132","140","","","","Yes","Yes","Yes","","","","https://www.doc.govt.nz/link/2be981dc0ba74ba991bc690139b81282.aspx","Category: Serviced | Facilities: Heating, Mattresses, Toilets - non-flush, Water from tap - not treated, boil before use, Water supply | Bookable: Yes | Booking Required: Yes | Trail Pass: Yes | Trail Pass discount (%): 20 | More Info: Camping next to hut included in The Trail Pass. Bookings required from 18th November | Place: Nelson Lakes National Park | Region: Nelson/Tasman"
"2000.2","2000.2","Coldwater Hut","hut","DOC","Waiau Pass Track","South","620","425","0.1","0.8","0","0","","","","Yes","","Yes","","","","https://www.doc.govt.nz/link/ec243547389e4a94b83f927a8a98afa9.aspx","Category: Standard | Facilities: Heating, Mattresses, Toilets - non-flush, Water from tap - not treated, boil before use, Water supply | Bookable: No | Booking Required: No | Trail Pass: Yes | Trail Pass discount (%): 100 | Place: Nelson Lakes National Park | Region: Nelson/Tasman"
"2001","2001","Lakehead Hut","hut","DOC","Waiau Pass Track","South","621","9","0.8","10.9","3","2","","","","Yes","Yes","Yes","","","","https://www.doc.govt.nz/link/9f587ce82e1844828f736a7c2dbc5a67.aspx","Category: Serviced | Facilities: Heating, Mattresses, Toilets - non-flush, Water from tap - not treated, boil before use, Water supply | Bookable: No | Booking Required: Yes | Trail Pass: Yes | Trail Pass discount (%): 20 | More Info: Camping next to hut included in The Trail Pass. | Place: Nelson Lakes National Park | Region: Nelson/Tasman"
"2012","2012","Sabine Hut","hut","DOC","Waiau Pass Track","South","738","10458","10.9","3.6","253","136","","","","Yes","Yes","Yes","","","","https://www.doc.govt.nz/link/a3f4c1f4e4bd4f3b9b883368e1386e96.aspx","Category: Serviced | Facilities: Heating, Mattresses, Toilets - non-flush, Water from tap - not treated, boil before use, Water supply | Bookable: Yes | Booking Required: Yes | Trail Pass: Yes | Trail Pass discount (%): 20 | More Info: Camping next to hut included in The Trail Pass. Bookings required from 18th November | Place: Nelson Lakes National Park | Region: Nelson/Tasman"
"2015.5","2015.5","John Tait Hut","hut","DOC","Waiau Pass Track","South","813","5","3.6","6.2","135","60","","","","Yes","Yes","Yes","","","","https://www.doc.govt.nz/link/9365d0e637ea4bc59f3dd2692b942f7c.aspx","Category: Serviced | Facilities: Heating, Mattresses, Toilets - non-flush, Water from tap - not treated, boil before use, Water supply | Bookable: No | Booking Required: Yes | Trail Pass: Yes | Trail Pass discount (%): 20 | More Info: Camping next to hut included in The Trail Pass. | Place: Nelson Lakes National Park | Region: Nelson/Tasman"
"2021.8","2021.8","Upper Travers Hut","hut","DOC","Waiau Pass Track","South","1319","47","6.2","8.1","558","52","","","","Yes","Yes","Yes","","","","https://www.doc.govt.nz/link/ed5dfe642ef840c7bac4187bef46cb08.aspx","Category: Serviced | Facilities: Heating, Mattresses, Toilets - non-flush, Water from tap - not treated, boil before use, Water supply | Bookable: No | Booking Required: Yes | Trail Pass: Yes | Trail Pass discount (%): 20 | More Info: Camping next to hut included in The Trail Pass. | Place: Nelson Lakes National Park | Region: Nelson/Tasman"
"2029.9","2029.9","West Sabine Hut","hut","DOC","Waiau Pass Track","South","680","8","8.1","7.2","614","1253","","","","Yes","Yes","Yes","","","","https://www.doc.govt.nz/link/9bd89fc2385b420a88ef166676c48f6d.aspx","Category: Serviced | Facilities: Heating, Mattresses, Toilets - non-flush, Water from tap - not treated, boil before use, Water supply | Bookable: No | Booking Required: Yes | Trail Pass: Yes | Trail Pass discount (%): 20 | More Info: Camping next to hut included in The Trail Pass. | Place: Nelson Lakes National Park | Region: Nelson/Tasman"
"2037.1","2037.1","Blue Lake Hut","hut","DOC","Waiau Pass Track","South","1192","47","7.2","16.3","558","46","","","","Yes","Yes","Yes","","","","https://www.doc.govt.nz/link/0f9daff8b2c44b1a9c2260c216c7f236.aspx","Category: Serviced | Facilities: Heating, Mattresses, Toilets - non-flush, Water from tap - not treated, boil before use, Water supply | Bookable: No | Booking Required: Yes | Trail Pass: Yes | Trail Pass discount (%): 20 | More Info: Camping next to hut included in The Trail Pass. | Place: Nelson Lakes National Park | Region: Nelson/Tasman"
"2053.4","2053.4","Waiau Hut","hut","DOC","Waiau Pass Track","South","859","20","16.3","15.6","876","1209","","","","Yes","","Yes","","","","https://www.doc.govt.nz/link/3f5b4b54c38b4425b5e6091741e84aed.aspx","Category: Standard | Facilities: Heating, Mattresses, Toilets - non-flush, Water from tap - not treated, boil before use, Water supply | Bookable: No | Booking Required: No | Trail Pass: Yes | Trail Pass discount (%): 100 | Place: St James Conservation Area | Region: Canterbury"
"2069","2069","Christopher Hut","hut","DOC","Waiau Pass Track","South","758","4320","15.6","0","51","152","","","","Yes","Yes","Yes","","","","https://www.doc.govt.nz/link/37715c0b499e4cb3a714175e030a850d.aspx","Category: Serviced | Facilities: Heating, Mattresses, Toilets - non-flush, Water from tap - not treated, boil before use, Water supply | Bookable: Yes | Booking Required: Yes | Trail Pass: Yes | Trail Pass discount (%): 20 | More Info: Camping next to hut included in The Trail Pass. Bookings required from 18th November | Place: St James Conservation Area | Region: Canterbury"
"2069","2069","Christopher (Ada) Cullers Hut","hut","DOC","Waiau Pass Track","South","758","5113","0","10.4","0","0","","","","Yes","","Yes","","","","https://www.doc.govt.nz/link/f61e5cf3abc642b89851966f6f375c89.aspx","Category: Basic | Facilities: Toilets - non-flush, Water from stream, Water supply | Bookable: No | Booking Required: No | Trail Pass: Yes | Trail Pass discount (%): 100 | More Info: Included in The Trail Pass | Place: St James Conservation Area | Region: Canterbury"
"2079.4","2079.4","Anne Hut","hut","DOC","Waiau Pass Track","South","888","4","10.4","1.2","216","86","","","","Yes","Yes","Yes","","","","https://www.doc.govt.nz/link/6382f58f66104b849fd0cc8b6d4e885a.aspx","Category: Serviced | Facilities: Heating, Mattresses, Toilets - non-flush, Water from tap - not treated, boil before use, Water supply | Bookable: No | Booking Required: Yes | Trail Pass: Yes | Trail Pass discount (%): 20 | More Info: Camping next to hut included in The Trail Pass. Bookings required from 18th November | Place: St James Conservation Area | Region: Canterbury"
"2080.5","2080.5","Ada Pass Hut","hut","DOC","Waiau Pass Track","South","880","7537","1.2","0.7","19","27","","","","Yes","Yes","Yes","","","","https://www.doc.govt.nz/link/3ef43190e71441e2ac7e007c520f3049.aspx","Category: Serviced | Facilities: Heating, Mattresses, Toilets - non-flush, Water from tap - not treated, boil before use, Water supply | Bookable: Yes | Booking Required: Yes | Trail Pass: Yes | Trail Pass discount (%): 20 | More Info: Camping next to hut included in The Trail Pass. Bookings required from 18th November | Place: Lewis Pass Scenic Reserve | Region: West Coast"
"2081.3","2081.3","Cannibal Gorge Hut","hut","DOC","Waiau Pass Track","South","902","7721","0.7","11.6","24","3","","","","Yes","Yes","Yes","","","","https://www.doc.govt.nz/link/0363733c4bb448eb95a957657c27f4df.aspx","Category: Serviced | Facilities: Heating, Mattresses, Toilets - non-flush, Water from tap - not treated, boil before use, Water supply | Bookable: Yes | Booking Required: Yes | Trail Pass: Yes | Trail Pass discount (%): 20 | More Info: Camping next to hut included in The Trail Pass. Bookings required from 18th November | Place: Lewis Pass Scenic Reserve | Region: West Coast"
"2092.9","2092.9","Rokeby Hut","hut","DOC","Waiau Pass Track","South","856","57","11.6","4","341","387","","","","Yes","","Yes","","","","https://www.doc.govt.nz/link/2a848ba07ff04686b93e21b1d9c3f481.aspx","Category: Basic/bivvies | Facilities: Toilets - non-flush, Water from stream, Water supply | Bookable: No | Booking Required: No | Trail Pass: Yes | Trail Pass discount (%): 100 | Place: St James Conservation Area | Region: Canterbury"
"2096.9","2096.9","Boyle Flat Hut","hut","DOC","Waiau Pass Track","South","792","193","4","3.8","63","127","","","","Yes","Yes","Yes","","","","https://www.doc.govt.nz/link/c298b98968594849a80ad6f77caee3f9.aspx","Category: Serviced | Facilities: Heating, Mattresses, Toilets - non-flush, Water from tap - not treated, boil before use, Water supply | Bookable: No | Booking Required: Yes | Trail Pass: Yes | Trail Pass discount (%): 20 | Place: St James Conservation Area | Region: Canterbury"
"2100.6","2100.6","Magdalen Hut","hut","DOC","Waiau Pass Track","South","763","436","3.8","8.6","170","198","","","","Yes","","Yes","","","","https://www.doc.govt.nz/link/aba6d10d76174cbb857f7eb154f5b815.aspx","Category: Standard | Facilities: Heating, Mattresses, Toilets - non-flush, Water from tap - not treated, boil before use, Water supply | Bookable: No | Booking Required: No | Trail Pass: Yes | Trail Pass discount (%): 100 | More Info: Included in The Trail Pass | Place: St James Conservation Area | Region: Canterbury"
"2109.2","2109.2","Boyle Village","resupply","Resupply","Waiau Pass Track","South","583","5","8.6","0.1","156","337","","","","","","","","","","","No shop. Boyle River Outdoor Education Centre holds resupply boxes, sells basic food, beds $50. Accepts resupply boxes."
"2109.3","2109.3","Boyle Campsite","campsite","DOC","Waiau Pass Track","South","583","30","0.1","0.1","0","0","","","","Yes","Yes","Yes","","","","https://www.doc.govt.nz/link/6dcec8a03cce41b48e73eceec1bf47f0.aspx","Category: Standard | Facilities: Non-powered/tent sites, Water from tap - not treated, boil before use, Wheelchair accessible with assistance, Toilets - non-flush, Toilets, Water supply | Bookable: No | Booking Required: Yes | Trail Pass: Yes | Trail Pass discount (%): 100 | Place: Lake Sumner Forest Park | Region: Canterbury"
"2109.4","2109.4","Hanmer Springs","town","Resupply","Waiau Pass Track","South","583","55000","0.1","19.9","0","0","","","","","","","","","","","Four Square, hot pools, backpackers. About 55 km off trail from Boyle; shuttle or hitch. Leave at Boyle Village on SH7; shuttle or hitch."
"2129.3","2129.3","Hope Halfway Hut","hut","DOC","Boyle to Arthur's Pass","South","567","20","19.9","7.4","413","429","","","","Yes","","Yes","","","","https://www.doc.govt.nz/link/2fb0c49defa5497694ecb21a8729bf29.aspx","Category: Basic/bivvies | Facilities: Mattresses, Toilets - non-flush, Water from stream, Water supply | Bookable: No | Booking Required: No | Trail Pass: Yes | Trail Pass discount (%): 100 | Place: Lake Sumner Forest Park | Region: Canterbury"
"2136.6","2136.6","Hope Kiwi Lodge","hut","DOC","Boyle to Arthur's Pass","South","640","20","7.4","17.7","168","95","","","","Yes","Yes","Yes","","","","https://www.doc.govt.nz/link/b390bd24951444bc8de66e23e2ce547a.aspx","Category: Serviced | Facilities: Heating, Mattresses, Toilets - non-flush, Water from tap - not treated, boil before use, Water supply | Bookable: No | Booking Required: Yes | Trail Pass: Yes | Trail Pass discount (%): 20 | Place: Lake Sumner Forest Park | Region: Canterbury"
"2154.4","2154.4","Hurunui Hut","hut","DOC","Boyle to Arthur's Pass","South","615","24","17.7","10","456","481","","","","Yes","","Yes","","","","https://www.doc.govt.nz/link/d3a1c61a8d574f1793a11c0c50d3c877.aspx","Category: Standard | Facilities: Heating, Mattresses, Toilets - non-flush, Water from tap - not treated, boil before use, Water supply | Bookable: No | Booking Required: No | Trail Pass: Yes | Trail Pass discount (%): 100 | Place: Lake Sumner Forest Park | Region: Canterbury"
"2164.3","2164.3","Hurunui No. 3 Hut","hut","DOC","Boyle to Arthur's Pass","South","643","11","10","3.7","224","195","","","","Yes","","Yes","","","","https://www.doc.govt.nz/link/4154121ceee1404193f6875ed1abfb63.aspx","Category: Standard | Facilities: Heating, Mattresses, Toilets - non-flush, Water from tap - not treated, boil before use, Water supply | Bookable: No | Booking Required: No | Trail Pass: Yes | Trail Pass discount (%): 100 | Place: Lake Sumner Forest Park | Region: Canterbury"
"2168","2168","Camerons Hut","hut","DOC","Boyle to Arthur's Pass","South","699","2","3.7","5.6","64","8","","","","Yes","","Yes","","","","https://www.doc.govt.nz/link/614720484d7d47639e31a00f0f8248be.aspx","Category: Basic/bivvies | Facilities: Heating, Toilets - non-flush, Water from stream, Water supply | Bookable: No | Booking Required: No | Trail Pass: Yes | Trail Pass discount (%): 100 | Place: Lake Sumner Forest Park | Region: Canterbury"
"2173.6","2173.6","Harper Pass Bivvy","hut","DOC","Boyle to Arthur's Pass","South","835","26","5.6","6.2","191","55","","","","Yes","","Yes","","","","https://www.doc.govt.nz/link/c2608ab3810e4048b84afe062a118688.aspx","Category: Basic/bivvies | Facilities: Mattresses, Toilets - non-flush, Water from stream, Water supply | Bookable: No | Booking Required: No | Trail Pass: Yes | Trail Pass discount (%): 100 | Place: Lake Sumner Forest Park | Region: Canterbury"
"2179.7","2179.7","Locke Stream Hut","hut","DOC","Boyle to Arthur's Pass","South","498","15","6.2","8.1","210","547","","","","Yes","","Yes","","","","https://www.doc.govt.nz/link/e91a86acf13b4d3f9c500dfdcff98293.aspx","Category: Standard | Facilities: Heating, Mattresses, Toilets - non-flush, Water from stream, Water supply | Bookable: No | Booking Required: No | Trail Pass: Yes | Trail Pass discount (%): 100 | Place: Arthur's Pass National Park | Region: West Coast"
"2187.8","2187.8","Kiwi Hut","hut","DOC","Boyle to Arthur's Pass","South","337","306","8.1","25.2","8","169","","","","Yes","","Yes","","","","https://www.doc.govt.nz/link/9f385509c69a4f2888cc4e44126e4614.aspx","Category: Standard | Facilities: Heating, Mattresses, Toilets - non-flush, Water from tap - not treated, boil before use, Water supply | Bookable: No | Booking Required: No | Trail Pass: Yes | Trail Pass discount (%): 100 | Place: Arthur's Pass National Park | Region: West Coast"
"2213","2213","Upper Deception Hut","hut","DOC","Boyle to Arthur's Pass","South","759","3","25.2","2.2","553","131","","","","Yes","","Yes","","","","https://www.doc.govt.nz/link/54f96dad3b8f4e758a282bce909bb920.aspx","Category: Basic/bivvies | Facilities: Heating, Toilets - non-flush, Water from stream, Water supply | Bookable: No | Booking Required: No | Trail Pass: Yes | Trail Pass discount (%): 100 | Place: Arthur's Pass National Park | Region: Canterbury"
"2215.2","2215.2","Goat Pass Hut","hut","DOC","Boyle to Arthur's Pass","South","1071","11","2.2","2.5","321","9","","","","Yes","","Yes","","","","https://www.doc.govt.nz/link/c4c0cef1b00541e29d54b1868c31a10c.aspx","Category: Standard | Facilities: Mattresses, Toilets - non-flush, Water from tap - not treated, boil before use, Water supply | Bookable: No | Booking Required: No | Trail Pass: Yes | Trail Pass discount (%): 100 | Place: Arthur's Pass National Park | Region: Canterbury"
"2217.7","2217.7","Mingha Bivvy","hut","DOC","Boyle to Arthur's Pass","South","881","34","2.5","4.5","15","205","","","","Yes","","Yes","","","","https://www.doc.govt.nz/link/d9bca4c384cd4dde80dd34c0a44f7246.aspx","Category: Basic/bivvies | Facilities: Heating, Mattresses, Toilets - non-flush, Water from stream, Water supply | Bookable: No | Booking Required: No | Trail Pass: Yes | Trail Pass discount (%): 100 | Place: Arthur's Pass National Park | Region: Canterbury"
"2222.2","2222.2","Arthur's Pass","resupply","Resupply","Boyle to Arthur's Pass","South","721","4468","4.5","5.4","40","200","","","","","","","","","","","Arthur's Pass Cafe and Store: limited, expensive groceries. DoC centre sells gas. Mountain House holds boxes. Accepts resupply boxes."
"2227.5","2227.5","Klondyke Corner Campsite","campsite","DOC","Arthur's Pass to Rākaia River","South","637","52","5.4","7.5","13","97","","","","Yes","Yes","Yes","","","","https://www.doc.govt.nz/link/85fde6766e364d50916d8bd9a296c4c7.aspx","Category: Standard | Facilities: Non-powered/tent sites, Shelter for cooking, Water from tap - not treated, boil before use, Wheelchair accessible with assistance, Toilets - non-flush, Toilets, Water supply | Bookable: Yes | Booking Required: Yes | Trail Pass: Yes | Trail Pass discount (%): 100 | Place: Arthur's Pass National Park | Region: Canterbury"
"2235","2235","Bealey Hut","hut","DOC","Arthur's Pass to Rākaia River","South","732","25","7.5","5.6","147","51","","","","Yes","","Yes","","","","https://www.doc.govt.nz/link/ff5464f84f5941ecbb0cf1d5f74f80a2.aspx","Category: Basic/bivvies | Facilities: Mattresses, Toilets - non-flush, Water from tap - not treated, boil before use, Water supply | Bookable: No | Booking Required: No | Trail Pass: Yes | Trail Pass discount (%): 100 | Place: Craigieburn Forest Park | Region: Canterbury"
"2240.6","2240.6","Lagoon Saddle Hut","hut","DOC","Arthur's Pass to Rākaia River","South","1140","73","5.6","0","525","117","","","","Yes","","Yes","","","","https://www.doc.govt.nz/link/5cd35674f8c64fb69202dc08a7ec3048.aspx","Category: Basic/bivvies | Facilities: Mattresses, Toilets - non-flush, Water from stream, Water supply | Bookable: No | Booking Required: No | Trail Pass: Yes | Trail Pass discount (%): 100 | Place: Craigieburn Forest Park | Region: Canterbury"
"2240.6","2240.6","Lagoon Saddle A Frame Hut","hut","DOC","Arthur's Pass to Rākaia River","South","1140","29","0","5.4","0","0","","","","Yes","","Yes","","","","https://www.doc.govt.nz/link/812020186f0542ec82f7b89efba7ff7e.aspx","Category: Basic/bivvies | Facilities: Toilets - non-flush, Water from stream, Water supply | Bookable: No | Booking Required: No | Trail Pass: Yes | Trail Pass discount (%): 100 | Place: Craigieburn Forest Park | Region: Canterbury"
"2246.1","2246.1","West Harper Hut","hut","DOC","Arthur's Pass to Rākaia River","South","881","0","5.4","4","105","364","","","","Yes","","Yes","","","","https://www.doc.govt.nz/link/5d55aaf9dcda4f128dcb064d2dd26408.aspx","Category: Basic/bivvies | Facilities: Heating, Toilets - non-flush, Water from stream, Water supply | Bookable: No | Booking Required: No | Trail Pass: Yes | Trail Pass discount (%): 100 | Place: Craigieburn Forest Park | Region: Canterbury"
"2250.1","2250.1","Hamilton Hut","hut","DOC","Arthur's Pass to Rākaia River","South","779","467","4","19.5","43","145","","","","Yes","Yes","Yes","","","","https://www.doc.govt.nz/link/4a41150c50884c8aac115ac9f6e1038c.aspx","Category: Serviced | Facilities: Heating, Mattresses, Toilets - non-flush, Water from tap - not treated, boil before use, Water supply | Bookable: No | Booking Required: Yes | Trail Pass: Yes | Trail Pass discount (%): 20 | Place: Craigieburn Forest Park | Region: Canterbury"
"2269.6","2269.6","Trustpower Campsite","campsite","Private","Arthur's Pass to Rākaia River","South","521","90","19.5","28.5","33","291","","","","","","","","","","","Facilities: Te Araroa"
"2298.1","2298.1","Lake Coleridge Village","food","Resupply","Arthur's Pass to Rākaia River","South","389","360","28.5","0.2","369","501","","","","","","","","","","","No shops. Powerhouse Lodge holds bounce boxes and has tent sites. Accepts resupply boxes."
"2298.3","2298.3","Methven","town","Resupply","Arthur's Pass to Rākaia River","South","370","48000","0.2","9.4","0","19","","","","","","","","","","","Two supermarkets, Alpine Sports for dehydrated meals and gas. Snow Denn Lodge holds boxes ($5). Shuttle from Rakaia. Leave at the Rakaia River; the river is a no-ford hazard zone, shuttle required. Accepts resupply boxes."
"2307.7","2307.7","A Frame Hut","hut","DOC","Rakaia River to Rangitata River","South","1039","3","9.4","6.6","767","186","Rakaia River","12.6","","Yes","","Yes","","","","https://www.doc.govt.nz/link/8a09c4645ba44b39935b1d9cee6bd4c7.aspx","Category: Basic/bivvies | Facilities: Mattresses, Toilets - non-flush, Water from stream, Water supply | Bookable: No | Booking Required: No | Trail Pass: Yes | Trail Pass discount (%): 100 | Place: Hakatere Conservation Park | Region: Canterbury"
"2314.3","2314.3","Comyns Hut","hut","DOC","Rakaia River to Rangitata River","South","865","0","6.6","16","114","289","","","","Yes","","Yes","","","","https://www.doc.govt.nz/link/8b45fa6b67ad4953b812bb436484a73e.aspx","Category: Basic/bivvies | Facilities: Heating, Mattresses, Toilets - non-flush, Water from stream, Water supply | Bookable: No | Booking Required: No | Trail Pass: Yes | Trail Pass discount (%): 100 | Place: Hakatere Conservation Park | Region: Canterbury"
"2330.4","2330.4","Double Hut","hut","DOC","Rakaia River to Rangitata River","South","842","742","16","5.2","788","810","","","","Yes","","Yes","","","","https://www.doc.govt.nz/link/8f9b36848ae5410e93845b7bd6cfe2b0.aspx","Category: Basic/bivvies | Facilities: Heating, Mattresses, Toilets - non-flush, Water from stream, Water supply | Bookable: No | Booking Required: No | Trail Pass: Yes | Trail Pass discount (%): 100 | Place: Hakatere Conservation Park | Region: Canterbury"
"2335.6","2335.6","Manuka Hut","hut","DOC","Rakaia River to Rangitata River","South","776","246","5.2","12.5","48","114","","","","Yes","","Yes","","","","https://www.doc.govt.nz/link/5e9f00e5868243a1a0e1244f18ee8b26.aspx","Category: Basic/bivvies | Facilities: Heating, Mattresses, Toilets - non-flush, Water from stream, Water supply | Bookable: No | Booking Required: No | Trail Pass: Yes | Trail Pass discount (%): 100 | Place: Hakatere Conservation Park | Region: Canterbury"
"2348.1","2348.1","Peel Forest Campground","campsite","DOC","Rakaia River to Rangitata River","South","656","34747","12.5","19.7","117","237","","","","Yes","Yes","Yes","","","","https://www.doc.govt.nz/link/f8912a8f305b4d6d9202de2ae3bd9da0.aspx","Category: Serviced | Facilities: Cookers/electric stove, Non-powered/tent sites, Phone, Powered sites, Shelter for cooking, Shower - hot, Toilets - flush, Water from tap - not treated, boil before use, Wheelchair accessible, Toilets, Water supply | Bookable: Yes | Booking Required: Yes | Trail Pass: Yes | Trail Pass discount (%): 20 | Place: Peel Forest Park Scenic Reserve | Region: Canterbury"
"2367.8","2367.8","Geraldine","town","Resupply","Rakaia River to Rangitata River","South","558","70000","19.7","0","311","409","","","","","","","","","","","Supermarket and accommodation. About 70 km from the Rangitata via Methven; community shuttle $24. Leave at the Rangitata River; community shuttle $24, book two days ahead."
"2367.8","2367.8","Peel Forest","resupply","Resupply","Rakaia River to Rangitata River","South","558","50000","0","0","0","0","","","","","","","","","","","DoC Peel Forest camp and a small store. Homestay offers transport to the trailhead. Leave at the Rangitata River."
"2367.8","2367.8","Mesopotamia Station","food","Resupply","Rakaia River to Rangitata River","South","558","2500","0","0","0","0","","","","","","","","","","","Historic station near the Rangitata; holds food parcels. Leave at the Rangitata River crossing. Accepts resupply boxes."
"2367.8","2367.8","Mt Potts Lodge","food","Resupply","Rakaia River to Rangitata River","South","558","3000","0","10.1","0","0","","","","","","","","","","","Cafe and restaurant, closed Tue/Wed, book meals ahead. Has held food parcels; check first. Leave at the Rangitata River crossing. Accepts resupply boxes."
"2377.9","2377.9","Crooked Spur Hut","hut","DOC","Two Thumb Track","South","1039","9","10.1","9.5","731","207","Rangitata River","7","","","","Yes","","","","https://www.doc.govt.nz/link/373a2b15dad84a0fb7390dbf722fe9b4.aspx","Category: Basic/bivvies | Facilities: Heating, Mattresses, Toilets - non-flush | Bookable: No | Booking Required: No | Trail Pass: Yes | Trail Pass discount (%): 100 | Place: Te Kahui Kaupeka Conservation Park | Region: Canterbury"
"2387.4","2387.4","Stone Hut","hut","DOC","Two Thumb Track","South","1097","0","9.5","6.1","680","622","","","","Yes","","Yes","","","","https://www.doc.govt.nz/link/2082b5f1f26e4b41b7e9785e5e351562.aspx","Category: Basic/bivvies | Facilities: Heating, Mattresses, Toilets - non-flush, Water from stream, Water supply | Bookable: No | Booking Required: No | Trail Pass: Yes | Trail Pass discount (%): 100 | Place: Te Kahui Kaupeka Conservation Park | Region: Canterbury"
"2393.5","2393.5","Royal Hut","hut","DOC","Two Thumb Track","South","1329","10","6.1","14.9","274","42","","","","Yes","","Yes","","","","https://www.doc.govt.nz/link/ebb4105a6add495b959bf1ace1ef2c2a.aspx","Category: Basic/bivvies | Facilities: Heating, Mattresses, Toilets - non-flush, Water from stream, Water supply | Bookable: No | Booking Required: No | Trail Pass: Yes | Trail Pass discount (%): 100 | Place: Te Kahui Kaupeka Conservation Park | Region: Canterbury"
"2408.4","2408.4","Camp Stream Hut","campsite","Private","Two Thumb Track","South","1228","11","14.9","33.7","684","785","","","","","","","","","","",""
"2442.1","2442.1","Lake Tekapo","town","Resupply","Two Thumb Track","South","722","2","33.7","0.3","345","852","","","","","","","","","","","Large Four Square, cafes. Tailormade Backpackers and Bespoke Bikes receive bounce boxes. Accepts resupply boxes."
"2442.3","2442.3","Lake Tekapo Motels & Holiday Park","caravan-park","Private","Tekapo to Lake Ōhau","South","727","973","0.3","32.1","5","0","","","","","","","0800 853 853","2 Lakeside Drive, Lake Tekapo","","http://www.laketekapo-accommodation.co.nz/","Facilities: Budget holiday park accommodation, backpacker accommodation, motorcamp, campervan sites, tourist flats, tent sites for camping and cabins with all the modern campground facilities | Address: 2 Lakeside Drive, Lake Tekapo | Phone: 0800 853 853 | Website: http://www.laketekapo-accommodation.co.nz/ | Categories: Motel RVPark"
"2474.4","2474.4","Pylon Campsite","campsite","Private","Tekapo to Lake Ōhau","North","602","38","32.1","10.6","142","267","","","","","","","","","","",""
"2485","2485","Pines Campsite","campsite","Private","Tekapo to Lake Ōhau","South","541","22","10.6","11.6","130","191","","","","","","","","","","",""
"2496.6","2496.6","Twizel","town","Resupply","Tekapo to Lake Ōhau","South","465","530","11.6","29.3","48","124","","","","","","","","","","","Two Four Squares, Southern Alps Outdoors for gas. High Country Lodge holds parcels. Accepts resupply boxes."
"2525.9","2525.9","Lake Middleton Campsite","campsite","DOC","Tekapo to Lake Ōhau","South","526","182","29.3","18.9","260","199","","","","Yes","","Yes","","","","https://www.doc.govt.nz/link/b9fbfc5a98724008b2b85928467800c6.aspx","Category: Standard | Facilities: Boat launching, Dump station, Non-powered/tent sites, Toilets - flush, Water from tap - not treated, boil before use, Toilets, Water supply | Bookable: No | Booking Required: No | Trail Pass: Yes | Trail Pass discount (%): 100 | Place: Twizel area | Region: Canterbury"
"2544.8","2544.8","East Ahuriri Hut","hut","DOC","East Ahuriri Track","South","1004","349","18.9","21","985","508","","","6","","","Yes","","","","","Category: Backcountry | Facilities: 6 Bunks | Bookable: No | Booking Required: No | Trail Pass: Yes | Trail Pass discount (%): 100 | Place: Ahuriri Conservation Park | Region: Canterbury"
"2565.7","2565.7","Tin Hut (Private)","campsite","Private","Breast Hill Track","South","933","5","21","13.3","353","423","","","","","","","","","","",""
"2579.1","2579.1","Top Timaru Hut","hut","DOC","Breast Hill Track","South","907","26","13.3","13.6","835","861","","","","Yes","","Yes","","","","https://www.doc.govt.nz/link/38653eb26aa841a0b3d87066cf14f766.aspx","Category: Standard | Facilities: Mattresses, Toilets - non-flush, Water from stream, Water supply | Bookable: No | Booking Required: No | Trail Pass: Yes | Trail Pass discount (%): 100 | Place: Hāwea Conservation Park | Region: Otago"
"2592.6","2592.6","Stodys Hut","hut","DOC","Breast Hill Track","South","1083","5","13.6","10.7","1178","1002","","","","Yes","","Yes","","","","https://www.doc.govt.nz/link/6605c1f266eb4978a9062add12089e1d.aspx","Category: Basic/bivvies | Facilities: Heating, Mattresses, Toilets - non-flush, Water from stream, Water supply | Bookable: No | Booking Required: No | Trail Pass: Yes | Trail Pass discount (%): 100 | Place: Hāwea Conservation Park | Region: Otago"
"2603.3","2603.3","Pakituhi Hut","hut","DOC","Breast Hill Track","South","1332","261","10.7","10.5","713","464","","","","Yes","","Yes","","","","https://www.doc.govt.nz/link/8e37cc3356a1428aac8a963df53ca174.aspx","Category: Standard | Facilities: Mattresses, Toilets - non-flush, Water from tap - not treated, boil before use, Water supply | Bookable: No | Booking Required: No | Trail Pass: Yes | Trail Pass discount (%): 100 | Place: Hāwea Conservation Park | Region: Otago"
"2613.8","2613.8","Lake Hāwea","resupply","Resupply","Gladstone to Wānaka","South","362","257","10.5","13.4","123","1093","","","","","","","","","","","Sailz general store with cafe, open to 9pm; FreshChoice on Bodkin St; Hawea Hotel for pub food."
"2627.2","2627.2","Albert Town","resupply","Resupply","Gladstone to Wānaka","South","280","259","13.4","11.8","28","110","","","","","","","","","","","Small Four Square and a patisserie, a short detour off trail."
"2639","2639","Wanaka","town","Resupply","Glendhu Bay Track","South","280","104","11.8","1.6","78","78","","","","","","","","","","","New World, Four Square, Mediterranean Market for bulk, Macpac. Full resupply."
"2640.6","2640.6","Wanaka Top 10 Holiday Park","accommodation","Private","Glendhu Bay Track","South","280","940","1.6","23.9","3","2","","","","","","","0800 229 8439","263 Studholme Road, Wanaka","","http://www.campervanpark.co.nz","Facilities: Accommodation: tents, powered caravan/campervan sites, dump station | Address: 263 Studholme Road, Wanaka | Phone: 0800 229 8439 | Website: http://www.campervanpark.co.nz | Categories: LodgingBusiness"
"2664.5","2664.5","Fern Burn Hut","hut","DOC","Motatapu Alpine Track","South","750","13","23.9","6.1","926","456","","","","Yes","","Yes","","","","https://www.doc.govt.nz/link/acfd84b530ca4b289496ed832886bf61.aspx","Category: Standard | Facilities: Mattresses, Toilets - non-flush, Water from tap - not treated, boil before use, Water supply | Bookable: No | Booking Required: No | Trail Pass: Yes | Trail Pass discount (%): 100 | Place: Wānaka area | Region: Otago"
"2670.6","2670.6","Highland Creek Hut","hut","DOC","Motatapu Alpine Track","South","845","6","6.1","10.3","674","579","","","","Yes","","Yes","","","","https://www.doc.govt.nz/link/d72edf5018d342eebda9e826275a8481.aspx","Category: Standard | Facilities: Mattresses, Toilets - non-flush, Water from tap - not treated, boil before use, Water supply | Bookable: No | Booking Required: No | Trail Pass: Yes | Trail Pass discount (%): 100 | Place: Wānaka area | Region: Otago"
"2680.9","2680.9","Roses Hut","hut","DOC","Motatapu Alpine Track","South","720","9","10.3","10.6","1034","1160","","","","Yes","","Yes","","","","https://www.doc.govt.nz/link/242f58eff93d491eb1444d0b34ab80d3.aspx","Category: Standard | Facilities: Mattresses, Toilets - non-flush, Water from tap - not treated, boil before use, Water supply | Bookable: No | Booking Required: No | Trail Pass: Yes | Trail Pass discount (%): 100 | Place: Wānaka area | Region: Otago"
"2691.5","2691.5","Macetown Campsite","campsite","DOC","Motatapu Alpine Track","South","668","21","10.6","13","593","645","","","","Yes","","Yes","","","","https://www.doc.govt.nz/link/4c5ff1ac99ac4273a2ea55fe996d80ad.aspx","Category: Basic | Facilities: Non-powered/tent sites, Water from stream, Toilets - non-flush, Toilets, Water supply | Bookable: No | Booking Required: No | Trail Pass: Yes | Trail Pass discount (%): 100 | Place: Macetown Historic Reserve | Region: Otago"
"2704.5","2704.5","Arrowtown Hampshire Holiday Park","accommodation","Private","Wakatipu Track","South","419","743","13","0","648","897","","","","","","","64 3 4421876","12 Centennial Avenue, Arrowtown 9302","","https://hampshireholidayparks.co.nz/park/arrowtown-holiday-park/","Facilities: Accommodation: tents, powered/nonpowered caravans/campervans, dump station | Address: 12 Centennial Avenue, Arrowtown 9302 | Phone: 64 3 4421876 | Website: https://hampshireholidayparks.co.nz/park/arrowtown-holiday-park/ | Categories: LodgingBusiness"
"2704.5","2704.5","Arrowtown","resupply","Resupply","Wakatipu Track","South","419","365","0","21.3","0","0","","","","","","","","","","","Small supermarket and a Night'n Day; limited and expensive. Hourly bus to Queenstown."
"2725.7","2725.7","Frankton","town","Resupply","Wakatipu Track","South","330","126","21.3","7","253","343","","","","","","","","","","","Pak'nSave, New World, Woolworths. Cheapest resupply in the Queenstown basin."
"2732.7","2732.7","Twelve Mile Delta Campsite","campsite","DOC","Wakatipu Track","South","309","9242","7","1","45","66","","","","Yes","","No","","","","https://www.doc.govt.nz/link/171fc7854c6a4620842508d18d4aa2de.aspx","Category: Standard | Facilities: Boat launching, Non-powered/tent sites, Water from tap - not treated, boil before use, Wheelchair accessible with assistance, Toilets - non-flush, Toilets, Water supply | Bookable: No | Booking Required: No | Trail Pass: No | Trail Pass discount (%): 0 | Place: Queenstown area | Region: Otago"
"2733.7","2733.7","Queenstown","town","Resupply","Wakatipu Track","South","310","74","1","0.1","10","9","","","","","","","","","","","FreshChoice, Four Square, outdoor stores. Full gear replacement."
"2733.8","2733.8","Kinloch Campsite","campsite","DOC","Wakatipu Track","South","313","9035","0.1","0","3","0","Lake Wakatipu","26.5","","Yes","Yes","Yes","","","","https://www.doc.govt.nz/link/a8115b67bce049f3acdada4d3556c96d.aspx","Category: Standard | Facilities: Boat launching, Jetty, Non-powered/tent sites, Water from tap - not treated, boil before use, Wheelchair accessible, Toilets - non-flush, Toilets, Water supply | Bookable: Yes | Booking Required: Yes | Trail Pass: Yes | Trail Pass discount (%): 100 | Place: Glenorchy area | Region: Otago"
"2733.8","2733.8","Queenstown Holiday Park Creeksyde","caravan-park","Private","Wakatipu Track","South","313","673","0","0","0","0","","","","","","","(03) 442 9447","54 Robins Road, Queenstown","","http://www.camp.co.nz","Facilities: Holiday park, campground, motorhomes, campervans, tent sites | Address: 54 Robins Road, Queenstown | Phone: (03) 442 9447 | Website: http://www.camp.co.nz | Categories: RVPark LodgingBusiness"
"2733.8","2733.8","Glenorchy","resupply","Resupply","Mavora Walkway","South","319","25000","0","10.5","3","0","","","","","","","","","","","Glenorchy Hotel general store. About 1.5 hr drive from the Greenstone car park. Leave at the Greenstone car park."
"2744.3","2744.3","Slip Flat Hut","hut","DOC","Mavora Walkway","South","439","176","10.5","3.6","541","421","","","","Yes","","Yes","","","","https://www.doc.govt.nz/link/e29a887c9d0a46a5ad6d52f2e5f5f8fc.aspx","Category: Basic/bivvies | Facilities: Heating, Mattresses, Toilets - non-flush, Water from stream, Water supply | Bookable: No | Booking Required: No | Trail Pass: Yes | Trail Pass discount (%): 100 | Place: Greenstone and Caples Conservation Areas | Region: Otago"
"2747.9","2747.9","Greenstone Campsite","campsite","DOC","Mavora Walkway","South","521","33","3.6","0.1","314","232","","","","Yes","Yes","Yes","","","","https://www.doc.govt.nz/link/13416e4b5b1249bd97c7899b63b7d7ef.aspx","Category: Backcountry | Facilities: Toilets - flush, Water from tap - not treated, boil before use, Toilets, Water supply | Bookable: Yes | Booking Required: Yes | Trail Pass: Yes | Trail Pass discount (%): 100 | More Info: Included in The Trail Pass, but booking is required. Penalty fees will be applied by Warden to walkers staying without a booking. | Place: Greenstone and Caples Conservation Areas | Region: Otago"
"2748","2748","Greenstone Hut","hut","DOC","Mavora Walkway","South","515","71","0.1","9.6","0","6","","","","Yes","Yes","Yes","","","","https://www.doc.govt.nz/link/6046aa0f0dbc46438ad03f376b189eee.aspx","Category: Serviced | Facilities: Heating, Mattresses, Toilets - flush, Water from tap - not treated, boil before use, Water supply | Bookable: No | Booking Required: Yes | Trail Pass: Yes | Trail Pass discount (%): 20 | More Info: Click on the Greenstone Campsite icon for information about camping outside the hut.  Booking is required. | Place: Greenstone and Caples Conservation Areas | Region: Otago"
"2757.6","2757.6","Taipo Hut","hut","DOC","Mavora Walkway","South","723","24","9.6","11.8","376","167","","","","Yes","","Yes","","","","https://www.doc.govt.nz/link/de9a0270401a4027bb4959f8a50f787d.aspx","Category: Standard | Facilities: Mattresses, Toilets - non-flush, Water from tap - not treated, boil before use, Water supply | Bookable: No | Booking Required: No | Trail Pass: Yes | Trail Pass discount (%): 100 | Place: Mavora Lakes Conservation Park | Region: Southland"
"2769.3","2769.3","Boundary Hut","hut","DOC","Mavora Walkway","South","639","96","11.8","6.2","180","264","","","","Yes","","Yes","","","","https://www.doc.govt.nz/link/2f79a73587fd4cab99d33e18fef4453c.aspx","Category: Standard | Facilities: Toilets - non-flush, Water from tap - not treated, boil before use, Water supply | Bookable: No | Booking Required: No | Trail Pass: Yes | Trail Pass discount (%): 100 | Place: Mavora Lakes Conservation Park | Region: Southland"
"2775.5","2775.5","Careys Hut","hut","DOC","Mavora Walkway","South","625","71","6.2","9.4","78","92","","","","Yes","","Yes","","","","https://www.doc.govt.nz/link/8857cedefbf448798c9a187563d03ce2.aspx","Category: Standard | Facilities: Heating, Mattresses, Toilets - non-flush, Water from tap - not treated, boil before use, Water supply | Bookable: No | Booking Required: No | Trail Pass: Yes | Trail Pass discount (%): 100 | Place: Mavora Lakes Conservation Park | Region: Southland"
"2784.9","2784.9","Mavora Lakes Campsite","campsite","DOC","Mararoa River Track","South","617","78","9.4","16.4","98","106","","","","Yes","Yes","Yes","","","","https://www.doc.govt.nz/link/07540cfcf9404be8bb256d49ef81d0d9.aspx","Category: Standard | Facilities: BBQ, Boat launching, Fire pit/place for campfires (except in fire bans), Non-powered/tent sites, Water from tap - not treated, boil before use, Toilets - non-flush, Toilets, Water supply | Bookable: Yes | Booking Required: Yes | Trail Pass: Yes | Trail Pass discount (%): 100 | Place: Mavora Lakes Conservation Park | Region: Southland"
"2801.3","2801.3","Kiwi Burn Hut","hut","DOC","Mararoa River Track","South","520","928","16.4","28.5","154","252","","","","Yes","","Yes","","","","https://www.doc.govt.nz/link/cbed8342279e4cd0864e3eda1996a7bb.aspx","Category: Standard | Facilities: Heating, Mattresses, Toilets - non-flush, Water from tap - not treated, boil before use, Water supply | Bookable: No | Booking Required: No | Trail Pass: Yes | Trail Pass discount (%): 100 | Place: Snowdon Forest Conservation Area | Region: Southland"
"2829.8","2829.8","Te Anau","town","Resupply","Mararoa River Track","South","340","35000","28.5","0","49","229","","","","","","","","","","","Four Square and FreshChoice, Outside Sports. 28-35 km off trail from SH94; shuttle or hitch. Leave at the SH94 / Princhester junction (The Key)."
"2829.8","2829.8","Mossburn","resupply","Resupply","Mararoa River Track","South","340","20000","0","0","0","0","","","","","","","","","","","Four Square at 37 Devon St. About 20 km from the Princhester/SH94 junction. Leave at the SH94 / Princhester junction (The Key)."
"2829.8","2829.8","The Key (Princhester)","food","Resupply","Mararoa River Track","South","340","3107","0","5.9","0","0","","","","","","","","","","","Sprig and Thistle coffee caravan at the SH94 junction, Tue-Fri 7am-3pm, Sat 8am-2pm."
"2835.8","2835.8","Lower Princhester Hut","hut","DOC","Tākitimu Track","South","478","0","5.9","16.5","143","5","","","","Yes","","Yes","","","","https://www.doc.govt.nz/link/af4cc27f3af04b8db841c3df7e6dfc96.aspx","Category: Standard | Facilities: Heating, Mattresses, Toilets - non-flush, Water from stream, Water supply | Bookable: No | Booking Required: No | Trail Pass: Yes | Trail Pass discount (%): 100 | Place: Takitimu Conservation Area | Region: Southland"
"2852.3","2852.3","Aparima Hut","hut","DOC","Tākitimu Track","South","459","67","16.5","13.5","812","830","","","","Yes","","Yes","","","","https://www.doc.govt.nz/link/519327c2f64e42cc8c4d7a5edb6bad67.aspx","Category: Standard | Facilities: Heating, Mattresses, Toilets - non-flush, Water from tap - not treated, boil before use, Water supply | Bookable: No | Booking Required: No | Trail Pass: Yes | Trail Pass discount (%): 100 | Place: Takitimu Conservation Area | Region: Southland"
"2865.8","2865.8","Lower Wairaki Hut","hut","DOC","Tākitimu Track","South","475","11","13.5","7.9","501","485","","","","Yes","","Yes","","","","https://www.doc.govt.nz/link/c7e9e18107ee4c259d43b25bd9e3937f.aspx","Category: Basic/bivvies | Facilities: Heating, Mattresses, Toilets - non-flush, Water from tap - not treated, boil before use, Water supply | Bookable: No | Booking Required: No | Trail Pass: Yes | Trail Pass discount (%): 100 | Place: Takitimu Conservation Area | Region: Southland"
"2873.7","2873.7","Telford Campsite","campsite","DOC","Tākitimu Track","South","420","44","7.9","38.7","585","640","","","","","","Yes","","","","","Category: Backcountry | Facilities: Many tent sites, long drop toilet, stream | Bookable: No | Booking Required: No | Trail Pass: Yes | Trail Pass discount (%): 100 | Place: Takitimu Conservation Area | Region: Southland"
"2912.4","2912.4","Nightcaps","resupply","Resupply","Birchwood to Merrivale","South","376","9000","38.7","30.7","820","864","","","","","","","","","","","Four Square and a pub. About 9-16 km east of the trail near Birchwood. Leave near Birchwood."
"2943.1","2943.1","Tuatapere","resupply","Resupply","Longwood Forest Track","South","630","26000","30.7","17","1038","784","","","","","","","","","","","Small supermarket, several lodges. About 26 km west of Merrivale Rd. Leave at Merrivale Rd."
"2960.1","2960.1","Otautau","resupply","Resupply","Longwood Forest Track","South","79","16000","17","16.8","344","895","","","","","","","","","","","Small supermarket, hotels with backpacker beds. About 12-16 km east of Merrivale Rd. Leave at Merrivale Rd."
"2976.9","2976.9","Martin's Hut","hut","DOC","Longwood Forest Track","South","417","93","16.8","4.7","415","77","","","","Yes","","Yes","","","","https://www.doc.govt.nz/link/34a4ca458e6941ed82c08ae16cde8784.aspx","Category: Basic/bivvies | Facilities: Heating, Toilets - non-flush, Water from tap - not treated, boil before use, Water supply | Bookable: No | Booking Required: No | Trail Pass: Yes | Trail Pass discount (%): 100 | Place: Longwood Forest Conservation Area | Region: Southland"
"2981.6","2981.6","Turnbull's (Big Dam) Hut","hut","DOC","Longwood Forest Track","South","323","2","4.7","14.9","88","181","","","","","","Yes","","","","https://www.doc.govt.nz/link/d876515aabb342a8802cfaa1ba393388.aspx","Category: Basic/bivvies | Facilities: Heating | Bookable: No | Booking Required: No | Trail Pass: Yes | Trail Pass discount (%): 100 | Place: Longwood Forest Conservation Area | Region: Southland"
"2996.5","2996.5","Colac Bay","food","Resupply","Tīhaka Beach Track","South","7","1389","14.9","9.1","132","448","","","","","","","","","","","Colac Bay Bakehouse and Cafe with a camping ground; shop operating."
"3005.6","3005.6","Riverton Holiday Park","accommodation","Private","Tīhaka Beach Track","South","18","13","9.1","2","252","241","","","","","","","03 234 8132","43 Richard Street, Riverton","","https://www.rivertonholidaypark.co.nz/","Facilities: Holiday park accommodation. Units. Power Sites for tents, campervans and caravans. Zenbu wifi | Address: 43 Richard Street, Riverton | Phone: 03 234 8132 | Website: https://www.rivertonholidaypark.co.nz/ | Categories: LodgingBusiness"
"3007.6","3007.6","Riverton","town","Resupply","Oreti Beach Track","South","2","64","2","26.8","1","17","","","","","","","","","","","FreshChoice/SuperValue on Palmerston St, cafes and takeaways. Holiday park."
"3034.4","3034.4","Otatara","resupply","Resupply","Oreti Beach Track","South","6","696","26.8","4.3","23","19","","","","","","","","","","","Four Square, on the way into Invercargill."
"3038.7","3038.7","Invercargill","town","Resupply","Invercargill to Bluff","South","2","1039","4.3","33.3","1","5","","","","","","","","","","","Pak'nSave, New World, Woolworths, Macpac and Kathmandu. Last full resupply."
"3072","3072","Bluff","town","Resupply","Invercargill to Bluff","South","155","1363","33.3","0","466","313","","","","","","","","","","","Four Square. Trail end at Stirling Point."