{"type":"FeatureCollection","properties":{"note":"Simplified overview for the project page map. Use the GPX in out/ for anything real.","season":"2026-27","officialLengthKm":3073.204,"geometricLengthKm":3159.486,"routePoints":7113},"features":[{"type":"Feature","properties":{"name":"Te Araroa","kind":"route"},"geometry":{"type":"LineString","coordinates":[[172.67759,-34.4267],[172.67817,-34.42806],[172.68021,-34.42893],[172.67853,-34.42996],[172.67662,-34.43481],[172.6774,-34.43632],[172.67637,-34.43686],[172.67772,-34.43743],[172.67871,-34.43976],[172.67814,-34.44641],[172.67392,-34.45907],[172.67206,-34.46221],[172.66978,-34.46399],[172.67113,-34.46715],[172.66716,-34.47098],[172.66725,-34.4735],[172.66429,-34.47671],[172.66447,-34.47982],[172.66705,-34.4805],[172.66923,-34.48289],[172.67054,-34.48236],[172.67187,-34.4828],[172.67321,-34.48125],[172.67607,-34.48101],[172.67997,-34.48506],[172.68413,-34.48674],[172.68409,-34.4878],[172.69148,-34.49261],[172.70093,-34.50213],[172.70263,-34.5067],[172.70434,-34.50668],[172.70378,-34.50814],[172.70518,-34.50852],[172.70425,-34.51001],[172.70529,-34.51128],[172.70404,-34.51457],[172.70686,-34.51653],[172.70876,-34.52011],[172.70998,-34.51911],[172.71169,-34.51927],[172.71797,-34.52488],[172.72368,-34.52551],[172.72718,-34.52699],[172.74191,-34.53672],[172.77059,-34.55961],[172.77711,-34.56591],[172.7802,-34.56749],[172.8037,-34.58673],[172.81253,-34.59673],[172.81978,-34.6014],[172.82828,-34.60868],[172.85346,-34.63307],[172.88051,-34.66252],[172.89004,-34.67445],[172.89359,-34.68121],[172.8929,-34.68482],[172.89801,-34.68707],[172.90375,-34.69258],[172.92393,-34.71394],[172.96568,-34.76054],[172.96777,-34.76167],[172.97728,-34.77447],[172.99208,-34.79059],[173.03157,-34.83697],[173.03627,-34.84038],[173.05516,-34.86296],[173.06126,-34.86914],[173.06166,-34.87066],[173.07102,-34.88211],[173.07247,-34.8826],[173.0756,-34.88781],[173.07758,-34.88895],[173.0853,-34.89828],[173.10588,-34.92515],[173.12098,-34.94743],[173.1235,-34.95004],[173.15353,-35.00136],[173.16704,-35.03414],[173.17393,-35.06066],[173.17623,-35.0811],[173.17634,-35.09189],[173.17461,-35.11086],[173.16841,-35.13543],[173.15695,-35.15675],[173.1565,-35.15815],[173.15775,-35.16058],[173.1592,-35.16152],[173.15338,-35.16842],[173.15331,-35.17129],[173.16188,-35.17163],[173.1692,-35.17387],[173.17626,-35.17199],[173.18468,-35.17256],[173.19456,-35.16947],[173.20046,-35.16509],[173.21398,-35.15993],[173.21735,-35.15793],[173.22121,-35.15785],[173.22846,-35.1557],[173.24332,-35.14752],[173.24971,-35.12994],[173.2567,-35.12323],[173.26567,-35.1165],[173.26759,-35.1173],[173.27045,-35.12106],[173.2956,-35.12627],[173.30386,-35.12477],[173.30896,-35.12518],[173.31554,-35.11996],[173.32198,-35.11865],[173.32515,-35.11874],[173.32597,-35.12235],[173.33506,-35.13178],[173.34312,-35.13578],[173.34525,-35.13908],[173.34559,-35.14131],[173.34954,-35.14474],[173.34853,-35.14917],[173.34643,-35.15306],[173.34654,-35.15515],[173.34212,-35.15808],[173.34175,-35.15919],[173.3479,-35.16546],[173.35194,-35.17979],[173.35169,-35.18267],[173.34673,-35.18458],[173.34661,-35.18758],[173.34508,-35.18868],[173.34312,-35.19462],[173.34345,-35.20062],[173.34602,-35.20306],[173.34926,-35.20345],[173.35182,-35.20462],[173.35498,-35.20891],[173.36017,-35.20849],[173.36221,-35.21011],[173.36362,-35.21027],[173.36497,-35.21204],[173.36382,-35.21479],[173.36576,-35.21367],[173.36828,-35.21391],[173.36936,-35.21509],[173.37375,-35.21616],[173.37304,-35.21681],[173.37384,-35.21823],[173.3728,-35.21902],[173.37278,-35.2214],[173.37597,-35.22053],[173.38105,-35.22135],[173.38248,-35.22223],[173.38536,-35.22009],[173.38597,-35.221],[173.38701,-35.21993],[173.39196,-35.21926],[173.39519,-35.21568],[173.39684,-35.21576],[173.40218,-35.21132],[173.40401,-35.21078],[173.40693,-35.21155],[173.40662,-35.21239],[173.40784,-35.21296],[173.41126,-35.21362],[173.41134,-35.21429],[173.41471,-35.21536],[173.41681,-35.21526],[173.41781,-35.21614],[173.42122,-35.21402],[173.42394,-35.21346],[173.42551,-35.20932],[173.42892,-35.20857],[173.43036,-35.20754],[173.43444,-35.20736],[173.43575,-35.20666],[173.43914,-35.20791],[173.43964,-35.20936],[173.44408,-35.21003],[173.44614,-35.21425],[173.44915,-35.21614],[173.45242,-35.22035],[173.45744,-35.21836],[173.45946,-35.21949],[173.46529,-35.21857],[173.47267,-35.21909],[173.47487,-35.21989],[173.47825,-35.21895],[173.48343,-35.21615],[173.48837,-35.21567],[173.48888,-35.21493],[173.48771,-35.21426],[173.48962,-35.21283],[173.49453,-35.21592],[173.49727,-35.21655],[173.49678,-35.21777],[173.49954,-35.21855],[173.50191,-35.21769],[173.50554,-35.21776],[173.50824,-35.21428],[173.51268,-35.21276],[173.51487,-35.20921],[173.5149,-35.20673],[173.51976,-35.20763],[173.52242,-35.20686],[173.541,-35.21044],[173.54309,-35.21361],[173.54331,-35.22034],[173.54586,-35.22909],[173.54401,-35.23834],[173.54629,-35.24347],[173.54935,-35.24388],[173.55138,-35.24181],[173.55358,-35.24125],[173.55513,-35.23935],[173.55571,-35.23702],[173.55747,-35.23548],[173.56073,-35.23593],[173.56501,-35.2387],[173.5692,-35.23863],[173.57134,-35.23691],[173.57396,-35.23753],[173.57412,-35.23511],[173.57658,-35.23462],[173.57806,-35.23305],[173.57811,-35.23178],[173.58193,-35.22968],[173.58307,-35.22788],[173.58516,-35.22756],[173.58607,-35.22575],[173.59107,-35.22985],[173.59386,-35.22844],[173.59509,-35.2295],[173.59905,-35.22924],[173.60021,-35.22787],[173.60006,-35.2261],[173.60257,-35.2273],[173.60462,-35.22729],[173.60474,-35.22572],[173.60726,-35.22401],[173.61265,-35.22646],[173.61437,-35.22659],[173.61508,-35.22823],[173.61822,-35.22925],[173.6199,-35.23117],[173.62158,-35.2315],[173.62313,-35.23403],[173.62274,-35.2351],[173.62418,-35.23431],[173.62525,-35.23477],[173.6288,-35.23419],[173.63027,-35.22882],[173.63649,-35.22682],[173.63893,-35.22813],[173.64006,-35.23191],[173.64972,-35.23201],[173.6515,-35.23389],[173.65338,-35.23301],[173.65342,-35.23491],[173.65462,-35.23683],[173.6556,-35.23642],[173.65612,-35.23447],[173.65884,-35.23741],[173.66033,-35.23473],[173.66148,-35.23425],[173.66158,-35.23138],[173.66267,-35.2296],[173.66653,-35.22769],[173.66773,-35.22882],[173.66767,-35.22791],[173.66912,-35.22735],[173.67621,-35.23413],[173.6772,-35.24039],[173.68393,-35.24084],[173.68653,-35.24219],[173.68902,-35.23748],[173.69305,-35.23392],[173.69439,-35.23439],[173.69695,-35.23124],[173.70354,-35.23514],[173.7046,-35.23305],[173.70686,-35.23217],[173.70916,-35.23224],[173.71275,-35.22973],[173.71633,-35.23008],[173.71929,-35.22924],[173.72281,-35.22684],[173.72646,-35.22614],[173.72918,-35.22792],[173.73056,-35.22784],[173.73129,-35.22878],[173.73608,-35.23016],[173.73986,-35.22998],[173.74109,-35.22831],[173.74255,-35.22911],[173.74414,-35.2271],[173.74552,-35.2283],[173.75216,-35.22875],[173.75158,-35.23054],[173.75426,-35.23215],[173.75399,-35.23609],[173.75662,-35.2364],[173.7585,-35.23507],[173.75875,-35.23641],[173.76134,-35.23688],[173.76309,-35.23832],[173.76451,-35.2378],[173.7651,-35.23642],[173.76756,-35.23562],[173.76995,-35.23157],[173.77359,-35.23139],[173.77577,-35.22977],[173.77425,-35.22479],[173.77549,-35.22583],[173.77767,-35.2245],[173.78212,-35.22455],[173.78631,-35.22089],[173.78688,-35.21876],[173.79056,-35.21634],[173.79458,-35.2151],[173.79314,-35.21182],[173.79571,-35.20947],[173.80138,-35.20848],[173.79965,-35.21018],[173.80018,-35.21393],[173.79942,-35.22294],[173.801,-35.22351],[173.80204,-35.22267],[173.80286,-35.21929],[173.80587,-35.22004],[173.80696,-35.22271],[173.80979,-35.22173],[173.81076,-35.22281],[173.81037,-35.22477],[173.81368,-35.22273],[173.81562,-35.22302],[173.81803,-35.22862],[173.82185,-35.23099],[173.82306,-35.23436],[173.82464,-35.23557],[173.82744,-35.23229],[173.84785,-35.22107],[173.84967,-35.22098],[173.85481,-35.22261],[173.86666,-35.2175],[173.86931,-35.21796],[173.87215,-35.21617],[173.87372,-35.21693],[173.87478,-35.21934],[173.87666,-35.21977],[173.87892,-35.2192],[173.8809,-35.21712],[173.88303,-35.21731],[173.88798,-35.21477],[173.89034,-35.21555],[173.89033,-35.21688],[173.89249,-35.21917],[173.89536,-35.2184],[173.8986,-35.21984],[173.89921,-35.21954],[173.9003,-35.22086],[173.90042,-35.22303],[173.90313,-35.22263],[173.90503,-35.2206],[173.90704,-35.22142],[173.90734,-35.22239],[173.90933,-35.22192],[173.91141,-35.21893],[173.91291,-35.21807],[173.91425,-35.21821],[173.91609,-35.2204],[173.9183,-35.21995],[173.92095,-35.21828],[173.92213,-35.21834],[173.92307,-35.21936],[173.92534,-35.21868],[173.92979,-35.21587],[173.93149,-35.21271],[173.93368,-35.21139],[173.93407,-35.2097],[173.93581,-35.20836],[173.94278,-35.21436],[173.94296,-35.21522],[173.94272,-35.2147],[173.9423,-35.21534],[173.94365,-35.21814],[173.9436,-35.22149],[173.94595,-35.22124],[173.94749,-35.22017],[173.9473,-35.21741],[173.94966,-35.21761],[173.95225,-35.21687],[173.95434,-35.21349],[173.95745,-35.214],[173.95933,-35.21274],[173.96094,-35.21396],[173.9601,-35.21651],[173.96253,-35.21632],[173.9613,-35.21777],[173.96205,-35.2179],[173.96181,-35.22106],[173.96478,-35.22142],[173.96482,-35.22224],[173.9669,-35.22281],[173.96911,-35.22672],[173.97778,-35.22102],[173.97925,-35.21768],[173.98362,-35.21651],[173.98478,-35.21774],[173.99015,-35.21687],[173.99196,-35.21819],[173.99108,-35.22023],[173.99157,-35.22232],[173.99376,-35.22424],[173.9944,-35.22606],[173.99742,-35.22694],[173.9983,-35.22798],[173.99848,-35.23137],[173.99626,-35.2353],[173.99459,-35.23575],[173.99467,-35.2377],[173.9961,-35.23901],[174.0006,-35.2395],[174.00238,-35.24131],[174.00324,-35.24133],[174.00416,-35.23998],[174.00597,-35.24059],[174.0069,-35.23947],[174.00923,-35.23952],[174.00988,-35.24087],[174.01332,-35.243],[174.01208,-35.24646],[174.01552,-35.24853],[174.0172,-35.25229],[174.01908,-35.25263],[174.02265,-35.25489],[174.02499,-35.25451],[174.02762,-35.25281],[174.02838,-35.25461],[174.03149,-35.25465],[174.03191,-35.25728],[174.03705,-35.26112],[174.04429,-35.26035],[174.04608,-35.26098],[174.04658,-35.26208],[174.04744,-35.26117],[174.04901,-35.26171],[174.05238,-35.25978],[174.06524,-35.25931],[174.07651,-35.26028],[174.07843,-35.26433],[174.08082,-35.26525],[174.0809,-35.2659],[174.07955,-35.26641],[174.0802,-35.26719],[174.07972,-35.2732],[174.08142,-35.27624],[174.08651,-35.27882],[174.0894,-35.27889],[174.09449,-35.28379],[174.09777,-35.28525],[174.09865,-35.28735],[174.10062,-35.28885],[174.10029,-35.29238],[174.09828,-35.29384],[174.09935,-35.29873],[174.10004,-35.29824],[174.10128,-35.29886],[174.10289,-35.2977],[174.10351,-35.29815],[174.10379,-35.2998],[174.10239,-35.30053],[174.10175,-35.30424],[174.10514,-35.30388],[174.106,-35.30221],[174.10745,-35.30214],[174.10766,-35.30355],[174.10936,-35.30453],[174.11061,-35.30713],[174.11274,-35.3071],[174.11311,-35.30846],[174.11639,-35.3095],[174.11653,-35.31144],[174.11782,-35.3133],[174.12011,-35.31303],[174.12164,-35.31184],[174.14996,-35.3114],[174.1777,-35.3092],[174.20662,-35.3184],[174.21434,-35.32294],[174.21959,-35.32841],[174.22511,-35.33205],[174.22906,-35.33274],[174.23002,-35.3355],[174.23241,-35.3343],[174.23161,-35.32814],[174.23492,-35.32387],[174.23487,-35.32255],[174.2312,-35.31763],[174.22869,-35.31651],[174.22686,-35.31707],[174.22447,-35.31512],[174.22329,-35.3095],[174.21995,-35.30683],[174.22197,-35.30318],[174.21777,-35.29661],[174.21859,-35.29515],[174.21688,-35.29418],[174.22229,-35.29322],[174.22414,-35.29407],[174.2259,-35.29359],[174.22961,-35.29631],[174.23088,-35.29857],[174.23395,-35.29946],[174.2359,-35.3014],[174.23538,-35.3031],[174.23652,-35.30222],[174.23908,-35.30333],[174.24135,-35.30323],[174.24154,-35.30433],[174.2426,-35.30471],[174.24396,-35.3042],[174.24418,-35.30591],[174.24304,-35.30757],[174.24371,-35.3086],[174.24465,-35.30754],[174.24723,-35.30728],[174.24962,-35.30919],[174.24991,-35.30587],[174.25127,-35.3055],[174.25282,-35.30666],[174.25387,-35.30589],[174.2547,-35.30623],[174.25426,-35.30725],[174.25488,-35.30744],[174.25361,-35.30878],[174.25464,-35.30871],[174.25424,-35.30973],[174.25527,-35.31016],[174.25567,-35.31309],[174.2546,-35.3141],[174.25589,-35.31465],[174.25577,-35.31715],[174.25774,-35.31986],[174.26115,-35.31963],[174.26678,-35.32078],[174.26783,-35.3197],[174.26916,-35.3197],[174.26891,-35.32097],[174.27474,-35.32192],[174.27678,-35.31919],[174.27885,-35.31843],[174.28153,-35.3201],[174.28303,-35.32285],[174.28598,-35.32503],[174.28899,-35.32564],[174.29149,-35.32787],[174.29732,-35.32819],[174.29942,-35.33075],[174.29958,-35.33329],[174.29758,-35.33629],[174.29924,-35.33922],[174.30342,-35.34131],[174.30409,-35.34236],[174.30594,-35.3422],[174.3063,-35.34124],[174.3071,-35.34156],[174.30631,-35.34956],[174.30918,-35.34986],[174.31062,-35.3509],[174.31253,-35.3503],[174.31483,-35.35085],[174.31167,-35.35285],[174.31159,-35.35439],[174.31557,-35.35926],[174.3167,-35.36272],[174.31427,-35.36561],[174.31365,-35.36975],[174.31122,-35.37242],[174.31261,-35.37281],[174.31455,-35.37529],[174.31658,-35.37567],[174.3162,-35.38102],[174.31969,-35.38333],[174.31853,-35.39077],[174.32067,-35.39347],[174.32318,-35.39457],[174.32417,-35.39594],[174.32371,-35.39745],[174.3258,-35.39897],[174.33354,-35.3983],[174.33659,-35.4009],[174.33703,-35.40247],[174.34342,-35.40489],[174.34342,-35.40605],[174.34499,-35.40663],[174.34537,-35.40806],[174.33976,-35.40887],[174.3347,-35.41154],[174.33452,-35.4149],[174.33683,-35.4174],[174.33886,-35.41787],[174.33971,-35.4225],[174.34077,-35.42371],[174.34499,-35.42553],[174.34673,-35.42513],[174.34861,-35.42679],[174.35184,-35.42759],[174.35657,-35.43018],[174.35737,-35.43253],[174.35689,-35.43356],[174.36088,-35.43342],[174.35961,-35.43417],[174.36092,-35.43547],[174.35972,-35.43684],[174.35906,-35.43966],[174.35774,-35.44103],[174.35606,-35.44144],[174.35738,-35.44415],[174.35444,-35.44792],[174.35425,-35.4496],[174.35332,-35.44946],[174.35213,-35.45069],[174.35335,-35.45172],[174.35222,-35.4529],[174.3523,-35.45491],[174.35293,-35.4577],[174.35414,-35.45832],[174.3542,-35.45919],[174.35185,-35.45943],[174.34835,-35.4616],[174.34777,-35.46654],[174.34395,-35.46966],[174.34456,-35.47345],[174.3479,-35.4737],[174.35113,-35.47304],[174.35405,-35.47478],[174.36025,-35.47538],[174.36443,-35.47697],[174.3685,-35.47651],[174.37177,-35.47783],[174.37243,-35.47948],[174.3708,-35.48166],[174.37478,-35.48552],[174.37315,-35.48594],[174.37316,-35.48656],[174.37513,-35.48863],[174.37297,-35.49035],[174.37335,-35.49162],[174.37132,-35.49187],[174.37089,-35.49387],[174.36877,-35.49538],[174.37015,-35.49768],[174.36987,-35.49941],[174.37147,-35.5013],[174.37082,-35.50263],[174.37114,-35.50317],[174.37316,-35.50236],[174.38042,-35.5069],[174.38373,-35.50746],[174.38649,-35.50943],[174.39279,-35.50991],[174.39621,-35.50798],[174.39945,-35.50879],[174.40081,-35.5072],[174.40408,-35.50583],[174.40901,-35.50584],[174.40988,-35.50508],[174.41805,-35.50794],[174.4236,-35.50678],[174.42513,-35.50533],[174.42827,-35.50435],[174.43394,-35.5045],[174.43432,-35.50558],[174.43709,-35.50615],[174.43771,-35.50699],[174.43909,-35.5071],[174.4401,-35.50595],[174.44116,-35.50588],[174.44144,-35.50673],[174.44625,-35.50912],[174.44623,-35.50985],[174.44493,-35.51012],[174.44524,-35.51207],[174.45071,-35.5141],[174.45194,-35.51387],[174.45244,-35.51861],[174.4553,-35.51834],[174.45922,-35.51939],[174.45989,-35.52039],[174.46054,-35.5224],[174.45934,-35.52818],[174.45727,-35.52984],[174.45913,-35.53052],[174.45793,-35.53202],[174.45938,-35.53182],[174.45827,-35.53385],[174.45846,-35.53439],[174.45963,-35.53426],[174.45952,-35.53638],[174.46053,-35.5372],[174.45955,-35.53796],[174.46035,-35.53978],[174.45843,-35.5391],[174.45976,-35.54046],[174.45936,-35.54135],[174.46122,-35.54183],[174.46182,-35.54129],[174.46273,-35.54399],[174.46635,-35.54554],[174.46699,-35.54663],[174.46827,-35.54604],[174.46873,-35.54744],[174.46726,-35.54838],[174.46853,-35.54851],[174.46632,-35.5517],[174.46855,-35.55054],[174.4688,-35.55201],[174.46793,-35.55299],[174.46977,-35.55312],[174.47087,-35.55245],[174.47282,-35.55439],[174.47183,-35.55442],[174.47242,-35.55818],[174.47092,-35.55956],[174.46683,-35.55952],[174.4642,-35.56118],[174.46208,-35.56445],[174.46172,-35.56666],[174.4603,-35.56674],[174.46001,-35.56795],[174.45763,-35.56912],[174.45474,-35.5729],[174.44943,-35.57724],[174.44648,-35.57802],[174.44882,-35.58137],[174.44952,-35.58497],[174.45304,-35.58653],[174.45564,-35.58649],[174.45968,-35.5886],[174.45956,-35.58981],[174.45639,-35.59124],[174.45346,-35.59387],[174.4542,-35.60237],[174.45459,-35.60386],[174.45585,-35.60462],[174.45597,-35.60607],[174.45458,-35.60631],[174.45466,-35.60794],[174.45628,-35.60741],[174.45842,-35.60812],[174.46574,-35.60791],[174.46691,-35.60639],[174.46851,-35.60644],[174.46943,-35.60512],[174.47114,-35.60579],[174.47402,-35.60535],[174.47524,-35.60554],[174.47754,-35.60788],[174.47965,-35.61123],[174.47962,-35.61255],[174.4808,-35.61328],[174.48474,-35.61336],[174.48772,-35.61242],[174.48918,-35.6133],[174.48976,-35.61264],[174.4915,-35.61297],[174.49278,-35.61198],[174.49415,-35.61242],[174.49615,-35.61393],[174.49597,-35.6164],[174.49703,-35.61635],[174.49898,-35.61771],[174.49942,-35.6191],[174.50022,-35.61867],[174.50255,-35.61929],[174.50422,-35.62106],[174.50467,-35.62472],[174.50654,-35.62811],[174.49948,-35.63559],[174.49413,-35.63708],[174.48775,-35.64376],[174.48656,-35.64652],[174.48539,-35.65619],[174.48003,-35.65682],[174.47961,-35.65797],[174.47789,-35.65799],[174.47623,-35.65927],[174.47327,-35.65898],[174.46938,-35.66002],[174.4689,-35.65886],[174.46334,-35.65851],[174.46011,-35.65658],[174.46103,-35.65447],[174.46,-35.65243],[174.46039,-35.6509],[174.45782,-35.64988],[174.45682,-35.65035],[174.45568,-35.64841],[174.45156,-35.64978],[174.44815,-35.64929],[174.44554,-35.65033],[174.44482,-35.65185],[174.44152,-35.65212],[174.43992,-35.65301],[174.44093,-35.6547],[174.43848,-35.65431],[174.43481,-35.65625],[174.43619,-35.65712],[174.43578,-35.65857],[174.44087,-35.65918],[174.44313,-35.65874],[174.44429,-35.66161],[174.44607,-35.66199],[174.44586,-35.66271],[174.44776,-35.66372],[174.44832,-35.6666],[174.44703,-35.66837],[174.44281,-35.66969],[174.44178,-35.67097],[174.4421,-35.67304],[174.44299,-35.67312],[174.44466,-35.67147],[174.44517,-35.67178],[174.44434,-35.67215],[174.44928,-35.67158],[174.45062,-35.67066],[174.4509,-35.66937],[174.45488,-35.66872],[174.45792,-35.67022],[174.4584,-35.67138],[174.46381,-35.67152],[174.46645,-35.67258],[174.46779,-35.6714],[174.47007,-35.67132],[174.47018,-35.66691],[174.47221,-35.66768],[174.47191,-35.667],[174.47389,-35.66601],[174.47712,-35.66638],[174.47839,-35.66501],[174.48164,-35.66368],[174.48502,-35.66542],[174.48426,-35.66694],[174.48538,-35.66725],[174.48563,-35.66857],[174.48354,-35.66909],[174.48501,-35.672],[174.48666,-35.67171],[174.48865,-35.67282],[174.49035,-35.67155],[174.49606,-35.67398],[174.49803,-35.67615],[174.49737,-35.67876],[174.49863,-35.68198],[174.49704,-35.68511],[174.49624,-35.68947],[174.49811,-35.69206],[174.49896,-35.69645],[174.50116,-35.69735],[174.50617,-35.69764],[174.50903,-35.69894],[174.51045,-35.70235],[174.51892,-35.71403],[174.51885,-35.71507],[174.52388,-35.71814],[174.52502,-35.72148],[174.52301,-35.72324],[174.52372,-35.72485],[174.52772,-35.72813],[174.52886,-35.72811],[174.53527,-35.73154],[174.53984,-35.73167],[174.54096,-35.73298],[174.54184,-35.73606],[174.53903,-35.73855],[174.5372,-35.74156],[174.53846,-35.74439],[174.53822,-35.74637],[174.54148,-35.7505],[174.54233,-35.7504],[174.53906,-35.75294],[174.54016,-35.75411],[174.54353,-35.75467],[174.54608,-35.7566],[174.54773,-35.75968],[174.54721,-35.7622],[174.54854,-35.76282],[174.54587,-35.76487],[174.54591,-35.76827],[174.54482,-35.77102],[174.54259,-35.77312],[174.53798,-35.77429],[174.53998,-35.77548],[174.54162,-35.77527],[174.54239,-35.7778],[174.54324,-35.77731],[174.54817,-35.78168],[174.54842,-35.78372],[174.55137,-35.7835],[174.5511,-35.79165],[174.55993,-35.81569],[174.56962,-35.83169],[174.57388,-35.83686],[174.57823,-35.83968],[174.57726,-35.84286],[174.58023,-35.84579],[174.58103,-35.84816],[174.57836,-35.85135],[174.57729,-35.85463],[174.57201,-35.85306],[174.56966,-35.85391],[174.56166,-35.85325],[174.55958,-35.85456],[174.55613,-35.85502],[174.55222,-35.85392],[174.54896,-35.85206],[174.53664,-35.85304],[174.53432,-35.85223],[174.53441,-35.85011],[174.5334,-35.84864],[174.53513,-35.84794],[174.53676,-35.84478],[174.53589,-35.84062],[174.53371,-35.83958],[174.533,-35.83451],[174.53132,-35.83346],[174.53218,-35.83112],[174.52976,-35.83053],[174.53038,-35.82847],[174.52653,-35.82574],[174.52373,-35.82481],[174.52109,-35.82571],[174.51895,-35.82479],[174.51631,-35.8253],[174.51439,-35.82238],[174.51206,-35.82095],[174.50872,-35.82151],[174.50793,-35.82535],[174.50842,-35.827],[174.50496,-35.82952],[174.50227,-35.82974],[174.4974,-35.82653],[174.49048,-35.83474],[174.49033,-35.83821],[174.49846,-35.83761],[174.50049,-35.83946],[174.50064,-35.84219],[174.47597,-35.865],[174.46748,-35.88268],[174.4654,-35.88864],[174.46354,-35.89866],[174.46272,-35.89931],[174.46163,-35.89769],[174.46004,-35.89787],[174.45868,-35.89909],[174.45848,-35.90361],[174.45531,-35.90312],[174.45764,-35.9065],[174.45927,-35.90735],[174.45962,-35.909],[174.46101,-35.9091],[174.46054,-35.92057],[174.46152,-35.93346],[174.46599,-35.95704],[174.4658,-35.95819],[174.46376,-35.95755],[174.461,-35.95799],[174.45603,-35.95994],[174.45719,-35.96274],[174.45517,-35.9652],[174.45357,-35.9706],[174.45457,-35.97175],[174.45462,-35.97418],[174.45349,-35.9777],[174.44723,-35.98477],[174.45478,-35.98644],[174.45654,-35.98786],[174.45685,-35.98998],[174.45997,-35.99074],[174.46281,-35.9935],[174.46848,-35.99299],[174.47029,-35.99359],[174.48372,-36.014],[174.48873,-36.01587],[174.49321,-36.01967],[174.49408,-36.02078],[174.49258,-36.023],[174.49351,-36.02525],[174.49358,-36.03269],[174.49734,-36.0365],[174.49753,-36.03804],[174.50169,-36.04076],[174.50043,-36.04138],[174.49996,-36.04292],[174.4992,-36.04286],[174.50114,-36.04709],[174.50342,-36.04893],[174.50252,-36.05059],[174.50477,-36.05238],[174.50919,-36.05414],[174.51011,-36.05532],[174.50892,-36.05894],[174.51036,-36.05947],[174.51087,-36.06055],[174.51208,-36.06115],[174.51304,-36.06069],[174.51331,-36.0617],[174.51435,-36.06184],[174.51444,-36.06442],[174.51618,-36.06373],[174.52367,-36.06345],[174.53041,-36.06734],[174.53363,-36.06638],[174.54094,-36.06797],[174.5422,-36.06943],[174.54541,-36.06966],[174.5464,-36.06809],[174.54862,-36.06883],[174.54965,-36.06765],[174.55117,-36.06778],[174.55327,-36.06657],[174.55723,-36.06586],[174.5573,-36.06447],[174.55335,-36.0608],[174.5542,-36.05785],[174.55366,-36.05654],[174.55517,-36.05846],[174.55592,-36.05804],[174.55734,-36.05861],[174.55923,-36.05775],[174.55534,-36.05512],[174.55924,-36.05605],[174.5678,-36.05609],[174.57032,-36.05437],[174.57376,-36.05395],[174.57583,-36.05285],[174.57834,-36.05335],[174.57965,-36.05468],[174.58456,-36.05702],[174.58834,-36.05485],[174.58931,-36.05745],[174.58864,-36.06023],[174.59049,-36.06161],[174.59044,-36.06434],[174.59193,-36.06758],[174.59078,-36.06978],[174.59338,-36.07168],[174.59755,-36.08042],[174.59732,-36.0811],[174.59543,-36.08074],[174.59204,-36.0827],[174.58957,-36.08195],[174.59009,-36.08251],[174.58847,-36.08595],[174.5894,-36.0857],[174.58956,-36.08925],[174.59167,-36.09322],[174.58609,-36.09553],[174.58809,-36.10027],[174.58536,-36.10386],[174.57716,-36.1105],[174.57619,-36.11353],[174.5766,-36.11646],[174.57302,-36.11887],[174.57193,-36.12199],[174.57591,-36.1258],[174.57455,-36.12623],[174.58153,-36.13303],[174.58503,-36.13127],[174.5959,-36.13398],[174.60579,-36.13267],[174.60763,-36.13311],[174.61035,-36.14277],[174.61503,-36.14518],[174.62865,-36.13958],[174.63187,-36.13964],[174.6426,-36.15454],[174.64964,-36.16162],[174.6504,-36.16345],[174.6496,-36.16457],[174.64745,-36.16449],[174.64725,-36.16587],[174.64946,-36.16655],[174.65058,-36.16773],[174.65214,-36.16775],[174.65964,-36.17893],[174.68005,-36.2013],[174.68044,-36.20254],[174.72786,-36.24386],[174.72588,-36.24508],[174.72379,-36.24474],[174.72421,-36.24551],[174.71972,-36.24692],[174.71842,-36.2537],[174.7221,-36.25845],[174.72405,-36.25912],[174.72627,-36.26181],[174.72858,-36.26808],[174.73024,-36.2697],[174.73016,-36.27452],[174.73099,-36.27733],[174.72992,-36.27897],[174.73005,-36.28302],[174.72296,-36.28273],[174.72156,-36.28512],[174.71817,-36.28716],[174.71726,-36.29436],[174.71372,-36.29974],[174.70786,-36.30018],[174.70305,-36.30432],[174.70207,-36.30773],[174.69949,-36.30727],[174.69766,-36.30828],[174.69386,-36.30777],[174.69231,-36.31038],[174.69296,-36.3125],[174.69176,-36.31244],[174.69159,-36.31097],[174.69032,-36.31029],[174.68509,-36.31002],[174.68394,-36.311],[174.68168,-36.31136],[174.67859,-36.31073],[174.67524,-36.31161],[174.67172,-36.31461],[174.66891,-36.31567],[174.66769,-36.3153],[174.66616,-36.31655],[174.66686,-36.32024],[174.66404,-36.32191],[174.66194,-36.32122],[174.66083,-36.32355],[174.65733,-36.32473],[174.65673,-36.32586],[174.66025,-36.3293],[174.65898,-36.33278],[174.65692,-36.33332],[174.65411,-36.33671],[174.65374,-36.34021],[174.65142,-36.34244],[174.64474,-36.34611],[174.64488,-36.34679],[174.64157,-36.34958],[174.64207,-36.35047],[174.64378,-36.35025],[174.64543,-36.35173],[174.64841,-36.35237],[174.65137,-36.35192],[174.6523,-36.35399],[174.65138,-36.35715],[174.64853,-36.35946],[174.64435,-36.3604],[174.64327,-36.36195],[174.63753,-36.36486],[174.63492,-36.36268],[174.63212,-36.36168],[174.62565,-36.36092],[174.62391,-36.35893],[174.61765,-36.36002],[174.61378,-36.35876],[174.61292,-36.3648],[174.61127,-36.36566],[174.60957,-36.3655],[174.60823,-36.36674],[174.60539,-36.3659],[174.60655,-36.36891],[174.60951,-36.37141],[174.60922,-36.37311],[174.60364,-36.37529],[174.60345,-36.37629],[174.6005,-36.37865],[174.60318,-36.37983],[174.60333,-36.38226],[174.60421,-36.38313],[174.6007,-36.3844],[174.60136,-36.38603],[174.59892,-36.38962],[174.59782,-36.39381],[174.59824,-36.39567],[174.59931,-36.39643],[174.60122,-36.39775],[174.60406,-36.39825],[174.60248,-36.39945],[174.60267,-36.40075],[174.60154,-36.40106],[174.60373,-36.41088],[174.60531,-36.41265],[174.60282,-36.41461],[174.60116,-36.4147],[174.59987,-36.41573],[174.59868,-36.41544],[174.59885,-36.41779],[174.59651,-36.42017],[174.59623,-36.42277],[174.5965,-36.42774],[174.59779,-36.42999],[174.59429,-36.43421],[174.59384,-36.44158],[174.59184,-36.44431],[174.58961,-36.44404],[174.5878,-36.44501],[174.58781,-36.44986],[174.58611,-36.45142],[174.58569,-36.45315],[174.58814,-36.45604],[174.58739,-36.46284],[174.5894,-36.46492],[174.59296,-36.46627],[174.59542,-36.46879],[174.59929,-36.47022],[174.60201,-36.47034],[174.60345,-36.47292],[174.60324,-36.47651],[174.60167,-36.47875],[174.60106,-36.48302],[174.59886,-36.48665],[174.5985,-36.49019],[174.59671,-36.4915],[174.59891,-36.4918],[174.60345,-36.4961],[174.60692,-36.49737],[174.61025,-36.50117],[174.61229,-36.50209],[174.61837,-36.50059],[174.62345,-36.50135],[174.6275,-36.50047],[174.62843,-36.49903],[174.62891,-36.49961],[174.62817,-36.50032],[174.63214,-36.50198],[174.63594,-36.50118],[174.63982,-36.50177],[174.64131,-36.50113],[174.64448,-36.50114],[174.64523,-36.50188],[174.64704,-36.50101],[174.64718,-36.50146],[174.64957,-36.50059],[174.65182,-36.50069],[174.65471,-36.50307],[174.66134,-36.50443],[174.66203,-36.50636],[174.66545,-36.50988],[174.664,-36.51192],[174.66215,-36.51177],[174.66177,-36.51248],[174.66279,-36.51371],[174.66464,-36.51265],[174.66709,-36.51256],[174.66763,-36.51331],[174.66653,-36.5165],[174.66799,-36.51641],[174.67041,-36.5148],[174.67093,-36.51728],[174.67307,-36.51721],[174.67813,-36.51897],[174.67859,-36.52032],[174.67673,-36.52293],[174.67911,-36.52569],[174.67911,-36.52828],[174.68031,-36.52969],[174.68404,-36.53087],[174.68479,-36.53051],[174.68624,-36.52506],[174.69644,-36.52628],[174.70028,-36.52878],[174.71043,-36.53111],[174.71156,-36.53246],[174.70957,-36.53444],[174.71195,-36.53528],[174.71132,-36.53565],[174.71384,-36.53556],[174.71486,-36.53761],[174.71361,-36.54181],[174.71086,-36.54087],[174.71087,-36.54021],[174.70772,-36.54097],[174.70539,-36.53984],[174.70561,-36.54133],[174.70394,-36.54344],[174.70576,-36.54447],[174.70694,-36.54725],[174.70823,-36.54721],[174.70837,-36.54822],[174.71041,-36.54949],[174.7104,-36.55515],[174.70744,-36.55652],[174.70864,-36.56261],[174.70612,-36.56417],[174.70442,-36.56434],[174.69951,-36.56226],[174.69744,-36.56254],[174.695,-36.56704],[174.69174,-36.56907],[174.69369,-36.57209],[174.69103,-36.57491],[174.69251,-36.57462],[174.69353,-36.57646],[174.70136,-36.59696],[174.70083,-36.59799],[174.69638,-36.60052],[174.69292,-36.60012],[174.69154,-36.60135],[174.68947,-36.60082],[174.68655,-36.60141],[174.68695,-36.60331],[174.68478,-36.60338],[174.6831,-36.60437],[174.68197,-36.60394],[174.68163,-36.60579],[174.67866,-36.60527],[174.6785,-36.60848],[174.67721,-36.61154],[174.67959,-36.61222],[174.67895,-36.61486],[174.67695,-36.61656],[174.6774,-36.62048],[174.67266,-36.62478],[174.6727,-36.6267],[174.66892,-36.63505],[174.66879,-36.63797],[174.66977,-36.6407],[174.67267,-36.64074],[174.68156,-36.63628],[174.68635,-36.63509],[174.6887,-36.63566],[174.69874,-36.63223],[174.7008,-36.63457],[174.70329,-36.63533],[174.70522,-36.63701],[174.70629,-36.63654],[174.70711,-36.63423],[174.71021,-36.63356],[174.71143,-36.63444],[174.70899,-36.6351],[174.71074,-36.63674],[174.70988,-36.63837],[174.71708,-36.63437],[174.71784,-36.63569],[174.71694,-36.63831],[174.71871,-36.63776],[174.71895,-36.63869],[174.72169,-36.6392],[174.72188,-36.64406],[174.72314,-36.6436],[174.7241,-36.64516],[174.72521,-36.64544],[174.7256,-36.64859],[174.72747,-36.64958],[174.72648,-36.65378],[174.72787,-36.6542],[174.72682,-36.65564],[174.72989,-36.66166],[174.73847,-36.6612],[174.74016,-36.66376],[174.74428,-36.66135],[174.74479,-36.66316],[174.74598,-36.66317],[174.7468,-36.66446],[174.74816,-36.66448],[174.74712,-36.66551],[174.74615,-36.66511],[174.74565,-36.66568],[174.74608,-36.67028],[174.74708,-36.67085],[174.74575,-36.67271],[174.7473,-36.67488],[174.74625,-36.67627],[174.74759,-36.6767],[174.7468,-36.67789],[174.74484,-36.67859],[174.7448,-36.67959],[174.74828,-36.68],[174.75241,-36.68859],[174.75151,-36.68912],[174.75356,-36.68937],[174.75673,-36.69326],[174.75953,-36.69441],[174.75369,-36.69733],[174.7551,-36.69843],[174.75498,-36.69921],[174.75159,-36.70129],[174.75152,-36.70471],[174.75044,-36.70594],[174.75147,-36.70621],[174.75294,-36.71044],[174.75044,-36.71146],[174.74977,-36.71677],[174.7488,-36.71731],[174.75116,-36.71913],[174.75155,-36.72397],[174.75285,-36.72411],[174.75348,-36.72614],[174.75709,-36.72962],[174.75697,-36.73036],[174.75291,-36.73189],[174.753,-36.73269],[174.75596,-36.73922],[174.75806,-36.74136],[174.75757,-36.74189],[174.7586,-36.74291],[174.76057,-36.74323],[174.76305,-36.74629],[174.76227,-36.74728],[174.76328,-36.75015],[174.76274,-36.75359],[174.7695,-36.75881],[174.76715,-36.76024],[174.76531,-36.76508],[174.76699,-36.76499],[174.77005,-36.76862],[174.77596,-36.77355],[174.77631,-36.77788],[174.77798,-36.77967],[174.77682,-36.78117],[174.77682,-36.78339],[174.77491,-36.78516],[174.77527,-36.78714],[174.78512,-36.79751],[174.78869,-36.80497],[174.79317,-36.80366],[174.79409,-36.80557],[174.79801,-36.80947],[174.79907,-36.81209],[174.80694,-36.81521],[174.80748,-36.81652],[174.80524,-36.81767],[174.80593,-36.81862],[174.80553,-36.81995],[174.80618,-36.81977],[174.81042,-36.82476],[174.81351,-36.82708],[174.81301,-36.82851],[174.81172,-36.82912],[174.81018,-36.82708],[174.80822,-36.82668],[174.80801,-36.82809],[174.80166,-36.83138],[174.79718,-36.8319],[174.79603,-36.83324],[174.76554,-36.84272],[174.76727,-36.84321],[174.76667,-36.84468],[174.77097,-36.84598],[174.76991,-36.84833],[174.77046,-36.8493],[174.76989,-36.85171],[174.77072,-36.85454],[174.77406,-36.85922],[174.77343,-36.86035],[174.7743,-36.86181],[174.77123,-36.86411],[174.7685,-36.87184],[174.76445,-36.87323],[174.76475,-36.87487],[174.76365,-36.87774],[174.76447,-36.87809],[174.76531,-36.87751],[174.7656,-36.8745],[174.76583,-36.87671],[174.76689,-36.87788],[174.76538,-36.88],[174.767,-36.87958],[174.76637,-36.88201],[174.76795,-36.88237],[174.76783,-36.88605],[174.77069,-36.8873],[174.77539,-36.88769],[174.77592,-36.88854],[174.78247,-36.88998],[174.78646,-36.89271],[174.7875,-36.89582],[174.7852,-36.89832],[174.78412,-36.89838],[174.78286,-36.89708],[174.77951,-36.89938],[174.77869,-36.90146],[174.78001,-36.90367],[174.77951,-36.90557],[174.77522,-36.90807],[174.77908,-36.91767],[174.78118,-36.9188],[174.77965,-36.91901],[174.77848,-36.92131],[174.77695,-36.92138],[174.7763,-36.92338],[174.77786,-36.92597],[174.77727,-36.92747],[174.77866,-36.92725],[174.78107,-36.92843],[174.78292,-36.93138],[174.78623,-36.93162],[174.78642,-36.93933],[174.7845,-36.9404],[174.77832,-36.93848],[174.77789,-36.93958],[174.77509,-36.9408],[174.7699,-36.94012],[174.76788,-36.94122],[174.76524,-36.93974],[174.76331,-36.94061],[174.76272,-36.94188],[174.7602,-36.94107],[174.7598,-36.94173],[174.75804,-36.9417],[174.7566,-36.94605],[174.76032,-36.94862],[174.76265,-36.94806],[174.76131,-36.95151],[174.76545,-36.95294],[174.76632,-36.95502],[174.77065,-36.95707],[174.77361,-36.95745],[174.77618,-36.9605],[174.77469,-36.9623],[174.77446,-36.96651],[174.76537,-36.96541],[174.76831,-36.97351],[174.76428,-36.97632],[174.76238,-36.97958],[174.7617,-36.97963],[174.76107,-36.97823],[174.75636,-36.97837],[174.7532,-36.98111],[174.7547,-36.98394],[174.76152,-36.98781],[174.75776,-36.99193],[174.76089,-36.9941],[174.77073,-36.99386],[174.77858,-36.99543],[174.78556,-36.99411],[174.78891,-37.00189],[174.7999,-36.99884],[174.80159,-37.00158],[174.81135,-37.00148],[174.81694,-37.00236],[174.83164,-36.99735],[174.83784,-37.01066],[174.83994,-37.0107],[174.84391,-37.00801],[174.84389,-37.00641],[174.84541,-37.00614],[174.84584,-37.00334],[174.84716,-37.00247],[174.84782,-37.00003],[174.84999,-37.00083],[174.84884,-37.0028],[174.85288,-37.00184],[174.8552,-37.00603],[174.8764,-36.99796],[174.87825,-36.99796],[174.88012,-36.99809],[174.8814,-36.99902],[174.88319,-36.99887],[174.88399,-37.00289],[174.88932,-37.00155],[174.88959,-37.0055],[174.89348,-37.00587],[174.89593,-37.00534],[174.89826,-37.00703],[174.90086,-37.00635],[174.90247,-37.00667],[174.90729,-37.00922],[174.90656,-37.01195],[174.9083,-37.01267],[174.90857,-37.0137],[174.90188,-37.01687],[174.90415,-37.02169],[174.89887,-37.02364],[174.90576,-37.03285],[174.90881,-37.03555],[174.91078,-37.04192],[174.91847,-37.05323],[174.91905,-37.05529],[174.92042,-37.05613],[174.92343,-37.06076],[174.92498,-37.06092],[174.92717,-37.06714],[174.92883,-37.06822],[174.92938,-37.06981],[174.9312,-37.07005],[174.93233,-37.07297],[174.93111,-37.07681],[174.93315,-37.08008],[174.93552,-37.08283],[174.93863,-37.08228],[174.93922,-37.08372],[174.9421,-37.08301],[174.94242,-37.0869],[174.94509,-37.09347],[174.95088,-37.10015],[174.95182,-37.10349],[174.96056,-37.10422],[174.97217,-37.11015],[174.97896,-37.10987],[174.97969,-37.11315],[174.97712,-37.12086],[174.9747,-37.12283],[174.97766,-37.14227],[174.97321,-37.14191],[174.97201,-37.1425],[174.97126,-37.14431],[174.98007,-37.15932],[174.98275,-37.15887],[174.99103,-37.17291],[174.99005,-37.17655],[174.99679,-37.18547],[174.99153,-37.18676],[174.99274,-37.19392],[174.99682,-37.19597],[174.99706,-37.19747],[175.00002,-37.19981],[175.00206,-37.20341],[175.00119,-37.20518],[175.0037,-37.20671],[175.00692,-37.20551],[175.00751,-37.20305],[175.01095,-37.20116],[175.0138,-37.19709],[175.01591,-37.19629],[175.01888,-37.19721],[175.02189,-37.20056],[175.02208,-37.20302],[175.02363,-37.20388],[175.02266,-37.20541],[175.02293,-37.20805],[175.02416,-37.20846],[175.02492,-37.21213],[175.02649,-37.21383],[175.02878,-37.21307],[175.03103,-37.21563],[175.02844,-37.21702],[175.03082,-37.22313],[175.03404,-37.22246],[175.03583,-37.22567],[175.04412,-37.22292],[175.04649,-37.21877],[175.04827,-37.21796],[175.05445,-37.21684],[175.05557,-37.21995],[175.05724,-37.2212],[175.0646,-37.21998],[175.06431,-37.21873],[175.06926,-37.21791],[175.07384,-37.23327],[175.07141,-37.23564],[175.07171,-37.23618],[175.06885,-37.23805],[175.05759,-37.24202],[175.05587,-37.24433],[175.05259,-37.2457],[175.05873,-37.25678],[175.05823,-37.25863],[175.05669,-37.25968],[175.05693,-37.26064],[175.04795,-37.26127],[175.04592,-37.26276],[175.04587,-37.26366],[175.04351,-37.26265],[175.04335,-37.26315],[175.04461,-37.26567],[175.04674,-37.27653],[175.04513,-37.2785],[175.04711,-37.28043],[175.04911,-37.27836],[175.05438,-37.28439],[175.05374,-37.28511],[175.05577,-37.28592],[175.06118,-37.29166],[175.06131,-37.29353],[175.06258,-37.29409],[175.059,-37.29385],[175.06033,-37.30029],[175.06528,-37.30568],[175.06695,-37.30878],[175.06608,-37.31559],[175.06468,-37.31997],[175.06033,-37.32673],[175.06038,-37.32813],[175.05624,-37.33173],[175.05764,-37.33533],[175.05024,-37.33578],[175.0427,-37.33792],[175.03648,-37.34154],[175.03518,-37.34431],[175.03542,-37.3513],[175.03973,-37.35461],[175.04259,-37.35826],[175.04789,-37.36763],[175.05076,-37.37522],[175.05389,-37.37891],[175.05889,-37.3812],[175.0639,-37.39472],[175.06423,-37.39891],[175.06319,-37.40655],[175.06467,-37.40977],[175.07491,-37.41571],[175.07995,-37.42332],[175.08444,-37.4242],[175.09018,-37.42716],[175.09415,-37.42833],[175.10728,-37.42555],[175.11791,-37.42524],[175.12212,-37.42626],[175.13039,-37.43104],[175.12781,-37.43424],[175.12838,-37.43507],[175.13174,-37.43603],[175.14004,-37.44127],[175.14167,-37.44453],[175.14327,-37.44574],[175.14458,-37.45029],[175.1437,-37.45392],[175.1453,-37.46322],[175.14861,-37.46796],[175.14628,-37.4718],[175.14615,-37.47986],[175.14855,-37.48947],[175.15248,-37.49555],[175.15267,-37.50095],[175.15061,-37.50508],[175.153,-37.5094],[175.15173,-37.51384],[175.15391,-37.51867],[175.15349,-37.52836],[175.15121,-37.53197],[175.15212,-37.53913],[175.15328,-37.54119],[175.15272,-37.54553],[175.15441,-37.54906],[175.15163,-37.55649],[175.15109,-37.56646],[175.1526,-37.56717],[175.15277,-37.57453],[175.15645,-37.59737],[175.16158,-37.60113],[175.15616,-37.6061],[175.15533,-37.6091],[175.15472,-37.60956],[175.15277,-37.60903],[175.15139,-37.60984],[175.15065,-37.61232],[175.1515,-37.61359],[175.1565,-37.61291],[175.15746,-37.61518],[175.15693,-37.61852],[175.15531,-37.6194],[175.15454,-37.62167],[175.15266,-37.6228],[175.14749,-37.62298],[175.1455,-37.62423],[175.14341,-37.62439],[175.14281,-37.62357],[175.13847,-37.62448],[175.13737,-37.625],[175.13681,-37.62665],[175.13475,-37.62695],[175.13325,-37.62954],[175.13089,-37.63104],[175.13172,-37.63252],[175.12932,-37.63554],[175.13117,-37.63884],[175.12891,-37.64067],[175.12981,-37.64192],[175.12939,-37.64328],[175.12714,-37.64506],[175.1287,-37.64789],[175.12727,-37.65018],[175.13013,-37.65154],[175.13055,-37.65373],[175.1285,-37.65628],[175.12904,-37.65736],[175.12681,-37.65884],[175.12662,-37.66059],[175.12493,-37.66159],[175.12437,-37.66302],[175.12762,-37.66434],[175.13278,-37.66387],[175.13831,-37.66232],[175.14315,-37.66314],[175.14296,-37.66436],[175.14631,-37.66515],[175.14542,-37.6635],[175.14636,-37.66232],[175.14925,-37.66308],[175.15129,-37.66476],[175.15297,-37.66858],[175.15567,-37.67146],[175.16193,-37.67453],[175.16588,-37.67917],[175.16936,-37.68059],[175.17659,-37.68166],[175.1796,-37.6838],[175.18247,-37.68817],[175.18364,-37.68913],[175.18504,-37.68845],[175.18918,-37.69216],[175.20163,-37.69446],[175.20692,-37.69748],[175.20636,-37.69826],[175.21005,-37.69928],[175.21482,-37.70234],[175.21741,-37.71229],[175.22029,-37.71601],[175.22037,-37.71719],[175.21876,-37.71812],[175.22139,-37.72189],[175.22092,-37.72506],[175.22431,-37.72562],[175.22751,-37.72769],[175.22714,-37.72601],[175.22898,-37.7254],[175.23386,-37.73078],[175.23593,-37.7356],[175.23787,-37.73752],[175.23848,-37.73698],[175.24393,-37.73721],[175.24684,-37.73822],[175.24846,-37.74072],[175.25291,-37.74262],[175.26358,-37.74978],[175.26513,-37.75208],[175.26533,-37.75493],[175.26194,-37.75898],[175.26201,-37.76111],[175.26535,-37.76433],[175.26811,-37.77114],[175.27018,-37.77339],[175.27976,-37.77973],[175.2832,-37.78572],[175.28226,-37.78627],[175.28286,-37.78695],[175.28149,-37.78774],[175.28052,-37.78664],[175.27723,-37.78847],[175.26919,-37.78939],[175.26649,-37.7919],[175.26619,-37.79478],[175.24813,-37.79476],[175.23768,-37.79733],[175.2347,-37.7973],[175.23329,-37.79886],[175.23216,-37.80292],[175.2289,-37.80664],[175.22311,-37.80956],[175.22193,-37.80801],[175.2173,-37.80896],[175.21436,-37.80676],[175.21159,-37.8076],[175.20816,-37.80699],[175.20492,-37.80955],[175.17936,-37.81009],[175.17463,-37.8119],[175.16648,-37.79751],[175.15319,-37.79768],[175.14915,-37.79956],[175.14516,-37.8047],[175.14595,-37.80503],[175.14585,-37.81169],[175.14845,-37.81184],[175.14612,-37.81587],[175.14635,-37.81714],[175.14304,-37.81575],[175.13977,-37.81552],[175.13458,-37.81724],[175.13619,-37.82078],[175.13586,-37.82395],[175.13732,-37.82765],[175.13684,-37.83193],[175.13281,-37.83387],[175.12727,-37.83463],[175.117,-37.84145],[175.10825,-37.84536],[175.10356,-37.84477],[175.10322,-37.84537],[175.10061,-37.84408],[175.09535,-37.84856],[175.09368,-37.84706],[175.09136,-37.84654],[175.09122,-37.84575],[175.08751,-37.8471],[175.08801,-37.8478],[175.08961,-37.84748],[175.09238,-37.85001],[175.09383,-37.84973],[175.09288,-37.85473],[175.0952,-37.85677],[175.09492,-37.86193],[175.09707,-37.86283],[175.09874,-37.86526],[175.09876,-37.86624],[175.09596,-37.86867],[175.09606,-37.87221],[175.09743,-37.87485],[175.0993,-37.87485],[175.09926,-37.87807],[175.10015,-37.87916],[175.09965,-37.88094],[175.1006,-37.88163],[175.10027,-37.88253],[175.10164,-37.88296],[175.09842,-37.88796],[175.09725,-37.88796],[175.09774,-37.89093],[175.0944,-37.89318],[175.09078,-37.89335],[175.08663,-37.89753],[175.08907,-37.89931],[175.08551,-37.90516],[175.08358,-37.90687],[175.08217,-37.91013],[175.08138,-37.91635],[175.0784,-37.91927],[175.07946,-37.92047],[175.08147,-37.92022],[175.08143,-37.92575],[175.0829,-37.9278],[175.08211,-37.93073],[175.07966,-37.93367],[175.07655,-37.9342],[175.07491,-37.93531],[175.07492,-37.93853],[175.07529,-37.94136],[175.07753,-37.94489],[175.07678,-37.94779],[175.07824,-37.94983],[175.07694,-37.95169],[175.07848,-37.95972],[175.08351,-37.96694],[175.08438,-37.96988],[175.08783,-37.97507],[175.08779,-37.97666],[175.08992,-37.97862],[175.09113,-37.98172],[175.0922,-37.98303],[175.09725,-37.98504],[175.09783,-37.98717],[175.10064,-37.99028],[175.09952,-37.99216],[175.09591,-37.99294],[175.09447,-37.99424],[175.09157,-37.99361],[175.09099,-37.99698],[175.09319,-37.99974],[175.08994,-38.0023],[175.08772,-38.00812],[175.08363,-38.00863],[175.08028,-38.01021],[175.07761,-38.01029],[175.07402,-38.01368],[175.06933,-38.01659],[175.07023,-38.01742],[175.07017,-38.01888],[175.06876,-38.02078],[175.06674,-38.02174],[175.06487,-38.02413],[175.06293,-38.02429],[175.06329,-38.0254],[175.06124,-38.02692],[175.06239,-38.02939],[175.06133,-38.03319],[175.05767,-38.03867],[175.05717,-38.04228],[175.05399,-38.04489],[175.05277,-38.04694],[175.05456,-38.04867],[175.05497,-38.05253],[175.05312,-38.0535],[175.04962,-38.05295],[175.04778,-38.05448],[175.04668,-38.05422],[175.04752,-38.05724],[175.04645,-38.05979],[175.04234,-38.06101],[175.03646,-38.06528],[175.03609,-38.06709],[175.03695,-38.06964],[175.04137,-38.07298],[175.04089,-38.07663],[175.04532,-38.08197],[175.04628,-38.08432],[175.04919,-38.08595],[175.05036,-38.08831],[175.04802,-38.08912],[175.04689,-38.0908],[175.04716,-38.09228],[175.04303,-38.09537],[175.04456,-38.09689],[175.04158,-38.09932],[175.04083,-38.10122],[175.03716,-38.10296],[175.03749,-38.10702],[175.03536,-38.10909],[175.03452,-38.11368],[175.03592,-38.11939],[175.03291,-38.121],[175.02795,-38.12585],[175.0279,-38.12846],[175.02984,-38.1313],[175.02885,-38.1325],[175.03059,-38.1341],[175.03117,-38.13671],[175.02878,-38.13887],[175.02745,-38.14184],[175.02996,-38.14763],[175.02641,-38.15259],[175.02843,-38.15386],[175.02801,-38.15593],[175.02907,-38.15818],[175.0249,-38.16359],[175.02228,-38.16532],[175.02026,-38.16541],[175.02031,-38.1674],[175.01807,-38.16836],[175.0174,-38.1703],[175.01625,-38.1698],[175.01571,-38.17054],[175.01616,-38.17209],[175.01387,-38.1713],[175.01199,-38.17436],[175.01185,-38.1758],[175.01566,-38.17675],[175.01496,-38.17712],[175.01652,-38.17811],[175.01644,-38.17908],[175.01761,-38.17933],[175.01566,-38.18034],[175.016,-38.1814],[175.01478,-38.18385],[175.0155,-38.18787],[175.01471,-38.18962],[175.01582,-38.19253],[175.01774,-38.19495],[175.02028,-38.19609],[175.02268,-38.20002],[175.02239,-38.20176],[175.0235,-38.20432],[175.02285,-38.20606],[175.02746,-38.20675],[175.03295,-38.21016],[175.03566,-38.21036],[175.03446,-38.21066],[175.03796,-38.21143],[175.039,-38.21241],[175.04128,-38.21257],[175.04229,-38.21466],[175.04279,-38.21396],[175.04518,-38.21403],[175.04711,-38.21183],[175.05107,-38.21188],[175.05248,-38.21066],[175.05486,-38.21023],[175.0566,-38.2082],[175.05952,-38.20686],[175.06256,-38.21153],[175.06158,-38.21365],[175.06237,-38.21466],[175.06135,-38.21541],[175.06167,-38.21636],[175.07149,-38.21529],[175.07524,-38.21688],[175.08,-38.21534],[175.08363,-38.21679],[175.08507,-38.21567],[175.08415,-38.21778],[175.08516,-38.21992],[175.08397,-38.22174],[175.08459,-38.22288],[175.0839,-38.22748],[175.07879,-38.22977],[175.07591,-38.22935],[175.07468,-38.23118],[175.07254,-38.23211],[175.07126,-38.23457],[175.07457,-38.23727],[175.07259,-38.23972],[175.07371,-38.24013],[175.07383,-38.24172],[175.07657,-38.24278],[175.0786,-38.24772],[175.08082,-38.24646],[175.0849,-38.24658],[175.08563,-38.24603],[175.0869,-38.24661],[175.08828,-38.24872],[175.08744,-38.24976],[175.0879,-38.25168],[175.09003,-38.25274],[175.09232,-38.25263],[175.09308,-38.25375],[175.09565,-38.2544],[175.09678,-38.25802],[175.09595,-38.2597],[175.09918,-38.25944],[175.10547,-38.26102],[175.1068,-38.26023],[175.1085,-38.26074],[175.10916,-38.26204],[175.1077,-38.26522],[175.10843,-38.27052],[175.10937,-38.27175],[175.10779,-38.27546],[175.10802,-38.2762],[175.11043,-38.27668],[175.11356,-38.27899],[175.11363,-38.28414],[175.11236,-38.28518],[175.11192,-38.28815],[175.1145,-38.28731],[175.11649,-38.28745],[175.11779,-38.28841],[175.11988,-38.28805],[175.12233,-38.28963],[175.12105,-38.29005],[175.12149,-38.29092],[175.12245,-38.29057],[175.125,-38.29145],[175.12642,-38.29371],[175.12892,-38.29424],[175.13522,-38.29841],[175.13887,-38.29868],[175.13819,-38.30058],[175.13647,-38.30192],[175.13588,-38.31095],[175.13427,-38.31282],[175.13259,-38.31318],[175.13251,-38.31674],[175.1314,-38.31899],[175.13333,-38.32026],[175.13361,-38.32394],[175.13455,-38.32414],[175.13537,-38.3258],[175.13714,-38.32594],[175.13692,-38.32799],[175.13912,-38.33049],[175.13917,-38.33178],[175.14137,-38.33261],[175.14317,-38.33449],[175.1449,-38.33394],[175.1455,-38.33184],[175.1445,-38.33108],[175.14533,-38.32957],[175.14741,-38.32867],[175.14653,-38.32689],[175.14845,-38.32633],[175.14942,-38.32694],[175.15144,-38.3268],[175.15347,-38.32558],[175.1557,-38.32852],[175.16046,-38.33047],[175.17117,-38.33938],[175.18052,-38.34241],[175.18275,-38.34243],[175.18875,-38.34771],[175.19349,-38.34853],[175.19493,-38.34999],[175.19382,-38.35056],[175.19336,-38.35642],[175.19513,-38.35885],[175.19543,-38.36179],[175.19794,-38.36336],[175.19912,-38.36695],[175.19807,-38.37229],[175.19891,-38.37481],[175.19684,-38.3763],[175.20052,-38.37722],[175.20521,-38.38186],[175.20798,-38.38132],[175.20975,-38.3835],[175.2116,-38.38391],[175.2108,-38.38579],[175.21149,-38.38684],[175.21561,-38.38797],[175.21724,-38.38931],[175.2208,-38.3886],[175.22384,-38.39009],[175.22517,-38.38972],[175.23126,-38.39158],[175.23347,-38.39101],[175.23671,-38.39271],[175.23794,-38.39464],[175.23993,-38.39484],[175.24057,-38.39586],[175.24187,-38.39604],[175.24232,-38.39723],[175.24466,-38.3976],[175.24584,-38.39868],[175.24931,-38.39826],[175.25157,-38.39964],[175.25271,-38.39882],[175.25464,-38.39884],[175.25758,-38.39982],[175.25831,-38.40247],[175.26176,-38.40261],[175.26286,-38.40733],[175.27056,-38.4092],[175.27102,-38.41098],[175.27378,-38.41293],[175.275,-38.41648],[175.27919,-38.4204],[175.28191,-38.42101],[175.28426,-38.42525],[175.28854,-38.42646],[175.29015,-38.43166],[175.29445,-38.43793],[175.29657,-38.43949],[175.29939,-38.43992],[175.30636,-38.44657],[175.30824,-38.45349],[175.30787,-38.4567],[175.31168,-38.45934],[175.31276,-38.46247],[175.31438,-38.46407],[175.31672,-38.46459],[175.32167,-38.46336],[175.32488,-38.4634],[175.33329,-38.46549],[175.33984,-38.46572],[175.34593,-38.46321],[175.3509,-38.46276],[175.35391,-38.46326],[175.35683,-38.46185],[175.36011,-38.46182],[175.36358,-38.46295],[175.36612,-38.46282],[175.36947,-38.46441],[175.37255,-38.46381],[175.38107,-38.46463],[175.38298,-38.46506],[175.38496,-38.46665],[175.38836,-38.46624],[175.39295,-38.46729],[175.39645,-38.46166],[175.39328,-38.46071],[175.39238,-38.45925],[175.39472,-38.45388],[175.39481,-38.45032],[175.39942,-38.44996],[175.40172,-38.44727],[175.40835,-38.44783],[175.41669,-38.44433],[175.4217,-38.44461],[175.42437,-38.44716],[175.42952,-38.45007],[175.43654,-38.45282],[175.44144,-38.4528],[175.4467,-38.454],[175.44915,-38.45667],[175.46109,-38.46052],[175.46319,-38.46317],[175.46318,-38.46896],[175.46224,-38.47029],[175.46264,-38.47396],[175.45868,-38.4849],[175.45752,-38.48618],[175.45374,-38.48721],[175.45039,-38.4904],[175.4465,-38.49857],[175.45127,-38.49976],[175.45757,-38.4983],[175.46007,-38.49857],[175.4709,-38.50438],[175.47682,-38.50901],[175.48224,-38.51049],[175.48442,-38.51183],[175.48689,-38.51204],[175.49123,-38.51083],[175.49619,-38.51156],[175.49912,-38.51125],[175.50992,-38.50831],[175.51448,-38.51048],[175.52609,-38.51243],[175.52866,-38.5176],[175.5314,-38.51825],[175.53743,-38.52174],[175.53979,-38.52144],[175.5413,-38.51763],[175.54333,-38.5159],[175.54983,-38.51393],[175.55797,-38.51364],[175.56218,-38.51507],[175.56484,-38.51402],[175.56952,-38.51492],[175.56974,-38.51561],[175.57131,-38.51555],[175.57151,-38.51681],[175.57413,-38.5184],[175.57504,-38.51794],[175.58056,-38.51983],[175.58116,-38.52059],[175.57984,-38.52135],[175.58369,-38.52398],[175.58483,-38.52608],[175.58535,-38.52763],[175.58454,-38.52837],[175.58587,-38.53161],[175.58721,-38.53115],[175.58859,-38.53265],[175.59052,-38.53131],[175.59307,-38.53403],[175.59385,-38.53616],[175.59546,-38.53597],[175.59653,-38.53844],[175.59762,-38.53776],[175.60119,-38.53813],[175.60117,-38.53943],[175.60277,-38.53997],[175.60222,-38.54072],[175.60382,-38.54148],[175.60293,-38.54194],[175.60336,-38.54308],[175.60567,-38.54199],[175.60594,-38.54381],[175.60828,-38.54263],[175.60787,-38.54421],[175.60873,-38.54487],[175.60943,-38.54351],[175.61092,-38.54436],[175.61113,-38.5475],[175.61389,-38.54973],[175.61613,-38.5491],[175.62022,-38.54954],[175.62276,-38.55203],[175.62897,-38.55105],[175.6351,-38.55219],[175.63593,-38.55921],[175.63798,-38.55911],[175.63839,-38.55981],[175.63582,-38.5625],[175.63692,-38.56505],[175.63387,-38.56586],[175.6354,-38.56739],[175.63448,-38.56862],[175.63485,-38.57076],[175.63577,-38.57134],[175.63556,-38.57323],[175.63287,-38.57383],[175.63139,-38.57515],[175.62429,-38.57536],[175.62288,-38.5767],[175.6239,-38.58028],[175.61966,-38.57952],[175.61926,-38.58043],[175.61723,-38.58097],[175.61622,-38.58037],[175.61604,-38.58147],[175.61575,-38.57996],[175.61317,-38.58272],[175.61217,-38.58258],[175.6107,-38.58407],[175.60907,-38.58214],[175.60706,-38.58606],[175.60426,-38.58669],[175.604,-38.58817],[175.60125,-38.58795],[175.59913,-38.58901],[175.59807,-38.58836],[175.59192,-38.58908],[175.59105,-38.5895],[175.59155,-38.5905],[175.58772,-38.59288],[175.58282,-38.59322],[175.57801,-38.59464],[175.57677,-38.5934],[175.57495,-38.59335],[175.57606,-38.5947],[175.57484,-38.59473],[175.57536,-38.5963],[175.5746,-38.5965],[175.57352,-38.59548],[175.57256,-38.596],[175.56717,-38.59545],[175.56453,-38.59716],[175.56211,-38.59709],[175.56162,-38.598],[175.55884,-38.59816],[175.55762,-38.59908],[175.55048,-38.5986],[175.5475,-38.59977],[175.54731,-38.60091],[175.54504,-38.60149],[175.54564,-38.60314],[175.53752,-38.601],[175.53641,-38.60115],[175.53602,-38.60488],[175.53327,-38.60425],[175.53032,-38.60512],[175.52633,-38.60416],[175.51977,-38.60653],[175.51633,-38.60679],[175.51295,-38.60865],[175.50645,-38.60828],[175.50558,-38.60964],[175.50812,-38.6132],[175.50752,-38.61372],[175.50316,-38.6136],[175.50258,-38.61449],[175.50695,-38.61728],[175.50469,-38.61859],[175.50339,-38.62315],[175.50019,-38.62525],[175.50036,-38.6289],[175.49554,-38.63279],[175.49453,-38.63473],[175.49204,-38.63521],[175.49206,-38.63741],[175.49069,-38.64014],[175.48933,-38.64056],[175.48764,-38.63938],[175.48516,-38.64015],[175.48284,-38.64322],[175.4843,-38.64582],[175.48136,-38.64931],[175.47742,-38.6504],[175.47444,-38.64983],[175.47298,-38.65184],[175.47391,-38.65277],[175.47649,-38.65253],[175.47856,-38.65576],[175.48052,-38.65439],[175.48279,-38.65418],[175.48334,-38.65547],[175.4819,-38.65713],[175.48301,-38.65802],[175.48973,-38.65947],[175.49064,-38.66238],[175.49193,-38.66232],[175.49335,-38.66379],[175.492,-38.66356],[175.49251,-38.66407],[175.4914,-38.66458],[175.49151,-38.66713],[175.4944,-38.67073],[175.49513,-38.67577],[175.49236,-38.67553],[175.48829,-38.67801],[175.48434,-38.67827],[175.48174,-38.67736],[175.47988,-38.678],[175.47645,-38.67608],[175.47672,-38.67401],[175.4747,-38.67258],[175.47041,-38.67181],[175.46845,-38.67244],[175.46428,-38.67219],[175.46165,-38.67012],[175.45829,-38.66974],[175.45494,-38.66535],[175.4483,-38.66151],[175.44483,-38.66326],[175.44423,-38.66643],[175.44062,-38.66961],[175.43812,-38.67023],[175.43449,-38.6727],[175.4341,-38.67395],[175.43648,-38.67389],[175.43784,-38.67486],[175.43684,-38.67729],[175.43577,-38.67725],[175.43589,-38.67582],[175.43514,-38.67541],[175.43419,-38.67755],[175.43623,-38.67919],[175.44039,-38.67995],[175.4412,-38.68102],[175.44307,-38.68076],[175.44606,-38.68327],[175.44837,-38.68375],[175.4523,-38.68625],[175.45193,-38.68711],[175.44512,-38.68673],[175.44306,-38.68535],[175.43761,-38.68434],[175.43694,-38.68709],[175.43492,-38.68896],[175.43259,-38.6888],[175.43105,-38.68789],[175.42838,-38.68813],[175.42744,-38.68683],[175.42381,-38.68667],[175.42285,-38.68288],[175.41898,-38.68261],[175.41576,-38.68072],[175.41048,-38.68012],[175.4107,-38.67805],[175.40922,-38.67809],[175.40825,-38.68082],[175.40978,-38.68218],[175.41168,-38.68235],[175.41191,-38.68566],[175.40996,-38.68758],[175.40545,-38.6878],[175.40462,-38.68839],[175.40569,-38.69245],[175.40353,-38.69441],[175.39853,-38.69221],[175.39518,-38.69232],[175.39221,-38.69056],[175.39079,-38.6918],[175.38918,-38.69113],[175.38827,-38.69174],[175.39187,-38.69651],[175.38992,-38.6966],[175.38769,-38.69554],[175.38517,-38.69579],[175.38636,-38.69902],[175.38516,-38.69831],[175.38382,-38.69937],[175.38216,-38.69894],[175.37809,-38.6952],[175.37428,-38.6935],[175.36567,-38.69687],[175.36481,-38.69796],[175.36203,-38.69896],[175.36182,-38.70513],[175.36314,-38.70654],[175.36604,-38.70665],[175.36637,-38.70749],[175.36502,-38.7071],[175.36417,-38.7085],[175.36152,-38.70989],[175.35791,-38.71516],[175.35278,-38.71852],[175.34992,-38.72249],[175.34805,-38.72245],[175.34431,-38.72436],[175.34156,-38.72457],[175.33784,-38.72706],[175.33072,-38.72889],[175.32988,-38.72782],[175.32831,-38.72799],[175.32495,-38.72634],[175.32472,-38.72498],[175.32104,-38.72651],[175.32078,-38.72557],[175.31705,-38.72519],[175.31609,-38.72386],[175.3116,-38.72159],[175.30642,-38.72271],[175.30231,-38.72018],[175.30173,-38.7215],[175.29664,-38.72134],[175.29101,-38.71968],[175.2832,-38.71909],[175.28024,-38.71947],[175.27802,-38.72143],[175.27278,-38.72084],[175.27165,-38.72206],[175.26829,-38.72311],[175.26755,-38.72606],[175.26379,-38.72681],[175.26302,-38.72818],[175.26534,-38.7366],[175.26466,-38.7392],[175.26608,-38.74108],[175.26428,-38.7414],[175.26334,-38.74609],[175.25397,-38.75399],[175.25559,-38.75631],[175.25503,-38.75691],[175.25259,-38.75784],[175.25142,-38.7576],[175.2479,-38.75999],[175.24838,-38.76715],[175.25002,-38.76754],[175.24779,-38.77531],[175.24272,-38.78051],[175.24261,-38.78258],[175.24139,-38.78431],[175.23548,-38.78694],[175.23179,-38.78733],[175.22937,-38.7889],[175.22844,-38.79252],[175.22931,-38.79546],[175.22541,-38.79748],[175.22206,-38.80035],[175.22167,-38.80233],[175.22197,-38.80442],[175.22516,-38.80997],[175.22793,-38.81191],[175.22664,-38.82536],[175.23028,-38.83184],[175.2334,-38.83482],[175.23401,-38.83909],[175.2382,-38.84359],[175.23572,-38.85067],[175.23601,-38.85251],[175.23832,-38.85572],[175.24193,-38.85671],[175.24669,-38.8598],[175.25536,-38.8692],[175.25529,-38.87763],[175.25457,-38.87891],[175.25639,-38.88323],[175.26735,-38.88292],[175.26742,-38.88384],[175.26469,-38.88535],[175.26489,-38.8895],[175.25999,-38.89309],[175.25851,-38.89515],[175.25793,-38.90181],[175.24658,-38.90906],[175.24654,-38.90999],[175.2482,-38.91094],[175.2525,-38.91106],[175.25411,-38.91283],[175.25278,-38.91451],[175.25604,-38.92054],[175.25595,-38.92332],[175.25806,-38.92866],[175.25604,-38.93182],[175.2572,-38.93305],[175.25558,-38.93357],[175.25561,-38.93514],[175.25315,-38.93782],[175.24896,-38.93848],[175.2449,-38.9381],[175.24412,-38.94344],[175.24201,-38.94619],[175.24614,-38.94703],[175.24925,-38.95024],[175.25316,-38.95002],[175.25755,-38.95208],[175.26046,-38.95197],[175.2788,-38.95498],[175.28567,-38.95943],[175.28764,-38.95936],[175.2936,-38.96175],[175.29606,-38.96483],[175.29805,-38.96455],[175.30997,-38.96702],[175.31822,-38.96583],[175.32308,-38.9673],[175.32624,-38.96731],[175.32729,-38.96818],[175.32881,-38.96791],[175.33055,-38.96877],[175.33121,-38.97064],[175.33477,-38.97252],[175.33529,-38.97018],[175.33793,-38.97108],[175.33907,-38.9724],[175.34059,-38.97207],[175.34275,-38.97559],[175.34444,-38.97571],[175.34437,-38.97704],[175.34684,-38.97829],[175.34656,-38.97943],[175.34859,-38.9794],[175.34962,-38.9814],[175.34966,-38.9823],[175.34689,-38.98397],[175.3469,-38.98511],[175.35537,-38.99003],[175.3572,-38.99272],[175.3629,-38.99589],[175.36531,-39.00147],[175.37659,-39.00251],[175.377,-39.0005],[175.38269,-39.00102],[175.38295,-38.99917],[175.38417,-38.99832],[175.38877,-38.99878],[175.38965,-38.99765],[175.39133,-38.99745],[175.39159,-38.99547],[175.39312,-38.99508],[175.39822,-38.9963],[175.40087,-38.99415],[175.40349,-38.99414],[175.40432,-38.993],[175.40405,-38.99131],[175.40577,-38.98953],[175.41083,-38.99153],[175.41112,-38.99387],[175.41199,-38.99448],[175.41422,-38.9934],[175.41923,-38.99319],[175.42078,-38.99219],[175.42141,-38.99238],[175.42114,-38.99385],[175.42293,-38.99461],[175.42475,-38.99363],[175.4267,-38.99412],[175.42958,-38.9927],[175.43186,-38.994],[175.43241,-38.99312],[175.43505,-38.99328],[175.43837,-38.99213],[175.44075,-38.99039],[175.44198,-38.99085],[175.44188,-38.98889],[175.45114,-38.98529],[175.44994,-38.98731],[175.45068,-38.98936],[175.45613,-38.98937],[175.4581,-38.98762],[175.46092,-38.98964],[175.4612,-38.99193],[175.46281,-38.99298],[175.46265,-38.99005],[175.46494,-38.98733],[175.46462,-38.98612],[175.46569,-38.98415],[175.46872,-38.98356],[175.46979,-38.98238],[175.47333,-38.98672],[175.47356,-38.98562],[175.4719,-38.98308],[175.47551,-38.98169],[175.47704,-38.98024],[175.47702,-38.97872],[175.47411,-38.97829],[175.47192,-38.97626],[175.46992,-38.97611],[175.47176,-38.97343],[175.47295,-38.975],[175.47564,-38.97455],[175.47618,-38.97532],[175.4837,-38.97628],[175.48455,-38.97361],[175.48585,-38.97317],[175.48667,-38.97384],[175.48815,-38.97203],[175.48779,-38.96957],[175.4896,-38.97184],[175.48915,-38.97321],[175.49338,-38.9752],[175.49476,-38.97662],[175.49451,-38.97742],[175.49785,-38.97835],[175.49803,-38.97975],[175.49637,-38.98085],[175.4989,-38.98433],[175.4964,-38.98569],[175.49631,-38.98779],[175.50192,-38.98877],[175.50228,-38.98946],[175.50468,-38.98846],[175.50508,-38.98931],[175.50404,-38.99019],[175.50647,-38.99019],[175.50577,-38.9915],[175.50299,-38.99281],[175.50463,-38.99343],[175.50709,-38.99313],[175.5067,-38.99545],[175.50844,-38.99725],[175.50846,-38.99968],[175.51265,-39.00469],[175.51414,-39.00471],[175.51263,-39.00608],[175.51427,-39.00732],[175.51483,-39.00979],[175.51894,-39.00921],[175.52164,-39.01253],[175.52466,-39.01289],[175.52626,-39.01547],[175.5257,-39.017],[175.5267,-39.0182],[175.53146,-39.02104],[175.53257,-39.02081],[175.5345,-39.01819],[175.53658,-39.01797],[175.53784,-39.01913],[175.54029,-39.01957],[175.54354,-39.02706],[175.55072,-39.03235],[175.55059,-39.03581],[175.55483,-39.04134],[175.5553,-39.04772],[175.56258,-39.04972],[175.56644,-39.05204],[175.56928,-39.05749],[175.56949,-39.06389],[175.57189,-39.06619],[175.57644,-39.06321],[175.57973,-39.05869],[175.58538,-39.05596],[175.58921,-39.05237],[175.59429,-39.04946],[175.60814,-39.04409],[175.62781,-39.05429],[175.63363,-39.06169],[175.6354,-39.06288],[175.64153,-39.06292],[175.65428,-39.06505],[175.66351,-39.06495],[175.66738,-39.06555],[175.66562,-39.07097],[175.66325,-39.07475],[175.65686,-39.07644],[175.65601,-39.07807],[175.6562,-39.08195],[175.65447,-39.08173],[175.65185,-39.08352],[175.65412,-39.08545],[175.65011,-39.08576],[175.65223,-39.0867],[175.65079,-39.08827],[175.65109,-39.09047],[175.64914,-39.09287],[175.64971,-39.09753],[175.64803,-39.09903],[175.64893,-39.10113],[175.65099,-39.10147],[175.65045,-39.1038],[175.65293,-39.10286],[175.65419,-39.10371],[175.65305,-39.10456],[175.65321,-39.10885],[175.65407,-39.10967],[175.65604,-39.10964],[175.65201,-39.11081],[175.65501,-39.11162],[175.65248,-39.11197],[175.65428,-39.11298],[175.65551,-39.12331],[175.66058,-39.12805],[175.6569,-39.13223],[175.65806,-39.13361],[175.65765,-39.13464],[175.66063,-39.13787],[175.66341,-39.1389],[175.66673,-39.13905],[175.68109,-39.15169],[175.68255,-39.15446],[175.68614,-39.15573],[175.68927,-39.1586],[175.68655,-39.16091],[175.68546,-39.16479],[175.68387,-39.16556],[175.68492,-39.16976],[175.68245,-39.17181],[175.6729,-39.18511],[175.67376,-39.18781],[175.67815,-39.19329],[175.68063,-39.19523],[175.6828,-39.19583],[175.68531,-39.19889],[175.68253,-39.19859],[175.67794,-39.20003],[175.67398,-39.19942],[175.67412,-39.20094],[175.67918,-39.20537],[175.67958,-39.20948],[175.67812,-39.20994],[175.67399,-39.2083],[175.66259,-39.2069],[175.65787,-39.2081],[175.65235,-39.20691],[175.64345,-39.20693],[175.63767,-39.20805],[175.62902,-39.21226],[175.62327,-39.21236],[175.61324,-39.20987],[175.5996,-39.20524],[175.59739,-39.2004],[175.59527,-39.19813],[175.5925,-39.197],[175.58727,-39.19701],[175.58225,-39.19526],[175.58085,-39.19597],[175.58039,-39.19761],[175.57896,-39.19658],[175.57766,-39.20028],[175.57473,-39.20081],[175.57171,-39.20393],[175.56558,-39.19779],[175.56336,-39.19779],[175.56082,-39.20073],[175.55932,-39.20099],[175.55984,-39.20203],[175.55868,-39.20244],[175.55633,-39.20186],[175.55578,-39.20276],[175.55509,-39.20183],[175.54927,-39.20025],[175.54838,-39.20051],[175.54837,-39.20172],[175.54785,-39.20073],[175.54448,-39.1993],[175.53933,-39.20059],[175.5406,-39.20343],[175.53956,-39.20342],[175.538,-39.20203],[175.5354,-39.20399],[175.53315,-39.20326],[175.53299,-39.2042],[175.52885,-39.20676],[175.52705,-39.20668],[175.52523,-39.2111],[175.51841,-39.21091],[175.51521,-39.21201],[175.5139,-39.21514],[175.50755,-39.21376],[175.5056,-39.2156],[175.50155,-39.21635],[175.50081,-39.21931],[175.50209,-39.22116],[175.50218,-39.22363],[175.49789,-39.22249],[175.49052,-39.22446],[175.48895,-39.22306],[175.48163,-39.22044],[175.48027,-39.21822],[175.48025,-39.2164],[175.47804,-39.21461],[175.47789,-39.2069],[175.47713,-39.2044],[175.4752,-39.20323],[175.47633,-39.20145],[175.47625,-39.19959],[175.47578,-39.19881],[175.47293,-39.19832],[175.4716,-39.19695],[175.46845,-39.18365],[175.4696,-39.18184],[175.46945,-39.17996],[175.46688,-39.17813],[175.44787,-39.18042],[175.43573,-39.1847],[175.40259,-39.17681],[175.40177,-39.17168],[175.39288,-39.17185],[175.39172,-39.1725],[175.39042,-39.1711],[175.39045,-39.16916],[175.38903,-39.16693],[175.38733,-39.16813],[175.38315,-39.16867],[175.37976,-39.1704],[175.37829,-39.16991],[175.3765,-39.17186],[175.37487,-39.17063],[175.37284,-39.17077],[175.37234,-39.16951],[175.37041,-39.16923],[175.36989,-39.16515],[175.36684,-39.16297],[175.36163,-39.16622],[175.35857,-39.16571],[175.35879,-39.16849],[175.3574,-39.17008],[175.35312,-39.16921],[175.35149,-39.16804],[175.35113,-39.16872],[175.3466,-39.16911],[175.34514,-39.16791],[175.34216,-39.16761],[175.34038,-39.16615],[175.33884,-39.16637],[175.3367,-39.16841],[175.33437,-39.16855],[175.33325,-39.16617],[175.33203,-39.16611],[175.33166,-39.16535],[175.33036,-39.1662],[175.32916,-39.16542],[175.32868,-39.16361],[175.32696,-39.16335],[175.32519,-39.16426],[175.32461,-39.16643],[175.32227,-39.16458],[175.32117,-39.16471],[175.32124,-39.16307],[175.31826,-39.1628],[175.31803,-39.1639],[175.31647,-39.16261],[175.31545,-39.16305],[175.31209,-39.16236],[175.31115,-39.16341],[175.30911,-39.16343],[175.30208,-39.16596],[175.3,-39.1751],[175.3019,-39.17505],[175.29975,-39.1772],[175.29415,-39.17962],[175.28598,-39.17961],[175.28288,-39.18148],[175.28112,-39.1811],[175.27993,-39.17986],[175.27754,-39.17923],[175.27691,-39.17814],[175.27598,-39.17394],[175.27672,-39.17237],[175.27456,-39.16969],[175.27318,-39.16602],[175.27068,-39.15158],[175.26881,-39.15081],[175.26833,-39.14886],[175.26354,-39.144],[175.26219,-39.1417],[175.26204,-39.13835],[175.2603,-39.13654],[175.25548,-39.12595],[175.25159,-39.12163],[175.25047,-39.11444],[175.2478,-39.10982],[175.24824,-39.10577],[175.24662,-39.10294],[175.24656,-39.10105],[175.24793,-39.09908],[175.24746,-39.09607],[175.24968,-39.09315],[175.24674,-39.09206],[175.24546,-39.08933],[175.24145,-39.08925],[175.23968,-39.09008],[175.23771,-39.08967],[175.2344,-39.0877],[175.23284,-39.08557],[175.22603,-39.08273],[175.22427,-39.07961],[175.21781,-39.07388],[175.21434,-39.07223],[175.21158,-39.0722],[175.20968,-39.0732],[175.20523,-39.07339],[175.20318,-39.07445],[175.19868,-39.07414],[175.19782,-39.0748],[175.19889,-39.07565],[175.1981,-39.07788],[175.19952,-39.07847],[175.1947,-39.07961],[175.19264,-39.07915],[175.18938,-39.08284],[175.18471,-39.0843],[175.18235,-39.08683],[175.18018,-39.08736],[175.17976,-39.08957],[175.17811,-39.0909],[175.17262,-39.09252],[175.17456,-39.09374],[175.17139,-39.09475],[175.17094,-39.09604],[175.17231,-39.09703],[175.17219,-39.09999],[175.17494,-39.10162],[175.17284,-39.10146],[175.17094,-39.10346],[175.16756,-39.10356],[175.16695,-39.10475],[175.16506,-39.10475],[175.1644,-39.10794],[175.16589,-39.10838],[175.16539,-39.10889],[175.15781,-39.11004],[175.15323,-39.10886],[175.15095,-39.11415],[175.14366,-39.1143],[175.14153,-39.11673],[175.14052,-39.11653],[175.13984,-39.11509],[175.13836,-39.11764],[175.13592,-39.11938],[175.13113,-39.11944],[175.1284,-39.1205],[175.12428,-39.11857],[175.12216,-39.11984],[175.12279,-39.12609],[175.11733,-39.12524],[175.1168,-39.12257],[175.11517,-39.12169],[175.11087,-39.12133],[175.1072,-39.12206],[175.10545,-39.12088],[175.10597,-39.11807],[175.09898,-39.11712],[175.09547,-39.11516],[175.09484,-39.11101],[175.09271,-39.11008],[175.09021,-39.11024],[175.08724,-39.113],[175.08367,-39.11385],[175.08087,-39.11332],[175.07389,-39.10984],[175.07008,-39.1092],[175.06196,-39.11248],[175.06016,-39.11876],[175.0661,-39.1213],[175.0666,-39.12399],[175.07079,-39.12726],[175.07142,-39.13083],[175.07298,-39.13068],[175.07592,-39.13315],[175.07618,-39.13493],[175.07925,-39.13616],[175.07886,-39.13803],[175.08144,-39.14196],[175.08076,-39.14409],[175.08118,-39.14857],[175.07905,-39.15174],[175.07586,-39.16075],[175.07667,-39.16431],[175.07619,-39.16703],[175.0779,-39.16835],[175.07792,-39.17022],[175.07932,-39.17259],[175.07915,-39.17583],[175.08054,-39.17604],[175.08613,-39.18166],[175.08694,-39.18642],[175.09026,-39.19447],[175.09391,-39.19781],[175.09277,-39.1993],[175.09403,-39.19987],[175.09369,-39.20162],[175.09203,-39.20175],[175.09083,-39.20444],[175.09175,-39.20592],[175.0905,-39.20616],[175.09093,-39.20709],[175.08871,-39.20794],[175.08764,-39.21147],[175.0903,-39.21186],[175.0912,-39.21334],[175.08954,-39.21256],[175.08386,-39.21229],[175.08157,-39.21132],[175.07536,-39.21213],[175.07402,-39.2111],[175.07304,-39.21343],[175.07025,-39.21359],[175.06799,-39.21106],[175.06564,-39.21158],[175.06324,-39.211],[175.06214,-39.20985],[175.05995,-39.21059],[175.06017,-39.20836],[175.0586,-39.20768],[175.05681,-39.20823],[175.05667,-39.20682],[175.05483,-39.20589],[175.04963,-39.20617],[175.04873,-39.20765],[175.04724,-39.20624],[175.04623,-39.20655],[175.04269,-39.2047],[175.03878,-39.20402],[175.03427,-39.19908],[175.02974,-39.19685],[175.01678,-39.19482],[175.01587,-39.19632],[175.01362,-39.19623],[175.00772,-39.19811],[175.00506,-39.19805],[175.00083,-39.19987],[174.99781,-39.20588],[174.99286,-39.20868],[174.99116,-39.21454],[174.98871,-39.21562],[174.98949,-39.21682],[174.98762,-39.21896],[174.98815,-39.22198],[174.98518,-39.22376],[174.98475,-39.2283],[174.98138,-39.22942],[174.98163,-39.23322],[174.97886,-39.23439],[174.97968,-39.2361],[174.97767,-39.23834],[174.98043,-39.24108],[174.97817,-39.24239],[174.97662,-39.2453],[174.97857,-39.24828],[174.97682,-39.2573],[174.97575,-39.25825],[174.97709,-39.26169],[174.97578,-39.26459],[174.97342,-39.26466],[174.97435,-39.26674],[174.97196,-39.26969],[174.97258,-39.27423],[174.97435,-39.27454],[174.97501,-39.27836],[174.97182,-39.27838],[174.96651,-39.28092],[174.97018,-39.28235],[174.97031,-39.28382],[174.96648,-39.29028],[174.96324,-39.29385],[174.96155,-39.3038],[174.96846,-39.30787],[174.97791,-39.30976],[174.98698,-39.31136],[175.00053,-39.31076],[175.00504,-39.31153],[175.00747,-39.31293],[175.0078,-39.31578],[175.00666,-39.31905],[175.00502,-39.31942],[175.00291,-39.3254],[174.99956,-39.32832],[174.99223,-39.33817],[174.99303,-39.34064],[174.9924,-39.34427],[174.99424,-39.34844],[174.9983,-39.35295],[175.00374,-39.35419],[175.00554,-39.35702],[175.00492,-39.36122],[175.01231,-39.37063],[175.01439,-39.3746],[175.01273,-39.37673],[175.01384,-39.38109],[175.013,-39.38607],[175.01993,-39.39605],[175.03216,-39.40251],[175.03858,-39.40374],[175.04252,-39.40367],[175.04502,-39.40515],[175.03952,-39.41059],[175.03956,-39.4205],[175.03796,-39.42453],[175.03629,-39.42628],[175.0218,-39.42672],[175.0184,-39.42831],[175.01773,-39.43061],[175.01534,-39.43313],[175.01518,-39.43599],[175.01669,-39.4373],[175.02086,-39.43685],[175.02409,-39.43794],[175.02587,-39.44],[175.0273,-39.44684],[175.03326,-39.45723],[175.03251,-39.46525],[175.03553,-39.46787],[175.03809,-39.47171],[175.03574,-39.47489],[175.03536,-39.47874],[175.0378,-39.48062],[175.044,-39.48013],[175.04834,-39.48426],[175.04841,-39.48967],[175.05127,-39.49516],[175.05097,-39.49761],[175.04534,-39.50189],[175.04504,-39.50435],[175.04838,-39.51343],[175.05346,-39.52155],[175.05795,-39.52551],[175.06195,-39.53156],[175.06193,-39.53415],[175.05972,-39.53793],[175.05808,-39.54631],[175.05843,-39.54932],[175.06754,-39.55357],[175.0834,-39.55486],[175.08353,-39.55594],[175.08226,-39.55711],[175.0829,-39.55962],[175.0773,-39.56534],[175.07744,-39.56693],[175.07908,-39.56877],[175.08729,-39.57251],[175.09239,-39.57865],[175.09612,-39.58099],[175.09854,-39.58404],[175.10053,-39.58523],[175.11219,-39.58609],[175.11347,-39.58521],[175.11533,-39.58517],[175.12051,-39.58723],[175.12354,-39.59137],[175.12667,-39.5936],[175.13004,-39.59419],[175.13179,-39.59358],[175.13553,-39.59423],[175.14083,-39.59406],[175.14941,-39.59742],[175.15413,-39.60223],[175.15596,-39.60738],[175.15776,-39.60829],[175.15752,-39.60937],[175.1591,-39.60984],[175.16343,-39.60796],[175.16625,-39.60877],[175.16818,-39.61083],[175.16917,-39.61282],[175.16742,-39.6161],[175.16786,-39.61847],[175.17257,-39.62291],[175.17282,-39.62478],[175.17183,-39.6261],[175.1686,-39.6271],[175.16719,-39.6295],[175.17154,-39.63748],[175.172,-39.64007],[175.17077,-39.64823],[175.16688,-39.65198],[175.15753,-39.65388],[175.15562,-39.65529],[175.1552,-39.65667],[175.1582,-39.66052],[175.15714,-39.66506],[175.15493,-39.66877],[175.15589,-39.6815],[175.15181,-39.68799],[175.15185,-39.69014],[175.15429,-39.69284],[175.15187,-39.69492],[175.14703,-39.696],[175.14322,-39.69939],[175.13239,-39.70211],[175.12909,-39.70383],[175.12464,-39.70962],[175.12598,-39.71757],[175.12782,-39.72287],[175.13014,-39.72542],[175.13806,-39.72836],[175.14247,-39.72886],[175.14626,-39.72771],[175.14798,-39.72623],[175.14773,-39.72429],[175.14908,-39.72261],[175.1508,-39.7238],[175.15805,-39.73498],[175.15721,-39.7378],[175.15101,-39.74224],[175.15077,-39.74354],[175.15222,-39.7451],[175.15601,-39.74697],[175.15729,-39.74911],[175.15596,-39.75129],[175.1561,-39.75576],[175.15884,-39.75959],[175.16647,-39.7619],[175.16875,-39.76315],[175.17002,-39.76493],[175.16882,-39.76834],[175.16561,-39.77005],[175.16345,-39.76981],[175.15789,-39.76662],[175.15278,-39.76576],[175.15055,-39.76616],[175.14946,-39.76712],[175.14815,-39.76988],[175.14199,-39.78764],[175.14351,-39.7915],[175.14751,-39.79395],[175.14714,-39.79705],[175.1449,-39.79983],[175.14513,-39.80134],[175.14966,-39.80579],[175.14843,-39.80833],[175.14541,-39.81026],[175.14465,-39.81266],[175.14557,-39.81516],[175.14249,-39.82703],[175.14063,-39.82735],[175.12308,-39.81751],[175.12538,-39.81569],[175.13455,-39.81515],[175.13664,-39.81345],[175.13452,-39.8114],[175.13048,-39.81069],[175.12225,-39.81307],[175.12041,-39.81124],[175.11986,-39.80858],[175.11987,-39.80584],[175.12162,-39.80199],[175.11938,-39.79908],[175.11536,-39.79894],[175.11251,-39.80036],[175.10265,-39.80753],[175.08554,-39.80388],[175.08419,-39.80542],[175.08452,-39.81629],[175.08586,-39.81735],[175.08958,-39.81685],[175.0967,-39.81448],[175.09814,-39.81568],[175.0981,-39.82051],[175.09736,-39.82362],[175.09579,-39.82444],[175.09459,-39.82468],[175.08657,-39.82223],[175.08415,-39.82256],[175.08179,-39.8247],[175.07659,-39.83192],[175.07596,-39.83575],[175.07677,-39.8407],[175.08186,-39.85444],[175.0849,-39.85907],[175.08745,-39.85988],[175.10767,-39.86095],[175.10936,-39.86121],[175.11072,-39.8627],[175.11289,-39.86964],[175.1098,-39.87546],[175.10561,-39.87871],[175.10382,-39.88141],[175.10508,-39.8919],[175.10291,-39.89417],[175.09569,-39.89405],[175.09262,-39.89484],[175.08197,-39.89344],[175.07859,-39.89382],[175.07085,-39.89788],[175.05553,-39.90808],[175.05067,-39.91429],[175.04956,-39.91756],[175.05213,-39.92487],[175.05716,-39.93066],[175.05816,-39.93309],[175.05051,-39.94107],[175.04554,-39.94456],[175.0508,-39.94872],[175.04643,-39.95385],[175.04282,-39.95607],[175.031,-39.95639],[175.02272,-39.9592],[175.01943,-39.95724],[175.01275,-39.95745],[175.01251,-39.95794],[175.01423,-39.96013],[175.01607,-39.96072],[175.01474,-39.96297],[175.03076,-39.9737],[175.06769,-40.00612],[175.0837,-40.02277],[175.09549,-40.03658],[175.09884,-40.03776],[175.09897,-40.03713],[175.09681,-40.03609],[175.09813,-40.03544],[175.09834,-40.03384],[175.10312,-40.03353],[175.10349,-40.03105],[175.1063,-40.02944],[175.1078,-40.02697],[175.10948,-40.02753],[175.11037,-40.02891],[175.10691,-40.03186],[175.10544,-40.03586],[175.10623,-40.03816],[175.10395,-40.04051],[175.10439,-40.04494],[175.11479,-40.05384],[175.13538,-40.07507],[175.1441,-40.08043],[175.14804,-40.08838],[175.15942,-40.10045],[175.16373,-40.10643],[175.17014,-40.11975],[175.18448,-40.14494],[175.18598,-40.14529],[175.18614,-40.14755],[175.19853,-40.17588],[175.20159,-40.1845],[175.20102,-40.18527],[175.21051,-40.18582],[175.21342,-40.18692],[175.21711,-40.18855],[175.21921,-40.19083],[175.2204,-40.19377],[175.22753,-40.19534],[175.23092,-40.19],[175.2484,-40.18422],[175.27333,-40.19001],[175.27891,-40.18821],[175.28565,-40.18955],[175.29073,-40.18764],[175.30174,-40.1855],[175.31355,-40.18823],[175.32006,-40.19502],[175.32656,-40.19518],[175.33339,-40.19441],[175.33788,-40.19658],[175.33976,-40.19666],[175.34574,-40.19375],[175.34919,-40.1937],[175.35186,-40.19255],[175.35387,-40.19022],[175.36664,-40.18476],[175.36858,-40.18258],[175.38481,-40.17452],[175.38633,-40.18404],[175.38863,-40.19157],[175.38899,-40.19023],[175.39873,-40.1894],[175.40067,-40.18979],[175.40375,-40.1886],[175.41122,-40.19983],[175.42186,-40.18849],[175.42455,-40.18756],[175.43235,-40.17979],[175.44555,-40.18546],[175.45198,-40.18705],[175.45228,-40.188],[175.45313,-40.18734],[175.46635,-40.19153],[175.47574,-40.19303],[175.4797,-40.1952],[175.48109,-40.19987],[175.48677,-40.20145],[175.49353,-40.20091],[175.49626,-40.2034],[175.518,-40.20958],[175.52592,-40.21373],[175.54182,-40.21718],[175.54099,-40.22273],[175.5476,-40.22429],[175.54923,-40.22559],[175.55061,-40.22522],[175.55621,-40.22646],[175.55582,-40.22857],[175.55856,-40.22887],[175.56426,-40.22605],[175.56735,-40.2253],[175.5729,-40.23154],[175.57601,-40.23741],[175.58123,-40.23962],[175.62705,-40.27974],[175.6268,-40.28029],[175.63062,-40.28227],[175.63353,-40.28513],[175.63281,-40.28602],[175.63137,-40.31999],[175.62587,-40.32442],[175.62545,-40.3256],[175.63519,-40.33693],[175.62388,-40.34204],[175.62784,-40.34733],[175.61136,-40.35492],[175.61277,-40.35673],[175.61177,-40.35719],[175.62318,-40.37211],[175.61138,-40.37114],[175.60995,-40.37241],[175.60822,-40.37218],[175.60861,-40.37394],[175.60547,-40.37442],[175.60583,-40.37773],[175.61194,-40.37866],[175.6155,-40.38078],[175.61773,-40.38118],[175.61971,-40.38318],[175.62102,-40.38269],[175.62289,-40.38382],[175.62572,-40.3823],[175.62815,-40.38269],[175.62976,-40.3836],[175.63098,-40.3864],[175.63432,-40.38973],[175.63349,-40.3907],[175.63482,-40.39255],[175.63309,-40.39359],[175.63561,-40.39258],[175.63651,-40.39313],[175.63862,-40.39202],[175.64542,-40.40065],[175.64698,-40.40082],[175.64944,-40.40299],[175.65067,-40.40184],[175.65145,-40.40209],[175.65355,-40.407],[175.65526,-40.40786],[175.65585,-40.40937],[175.65767,-40.40982],[175.65596,-40.41122],[175.65666,-40.41322],[175.6579,-40.41401],[175.65732,-40.41494],[175.6587,-40.41447],[175.66017,-40.41513],[175.66096,-40.41429],[175.66229,-40.4151],[175.66161,-40.41974],[175.66255,-40.42342],[175.66073,-40.42585],[175.66059,-40.42764],[175.66145,-40.42899],[175.6585,-40.43168],[175.65595,-40.4327],[175.65594,-40.43514],[175.65442,-40.43629],[175.653,-40.43653],[175.65371,-40.43444],[175.649,-40.43491],[175.64515,-40.43772],[175.6431,-40.43753],[175.64326,-40.43656],[175.64203,-40.43771],[175.63636,-40.43979],[175.6355,-40.43937],[175.6336,-40.44003],[175.63258,-40.44122],[175.6297,-40.44038],[175.62584,-40.4361],[175.61797,-40.4381],[175.61901,-40.43929],[175.61893,-40.44193],[175.62172,-40.44207],[175.62325,-40.44398],[175.62222,-40.4461],[175.62072,-40.44696],[175.622,-40.44801],[175.62139,-40.45225],[175.61946,-40.45456],[175.61734,-40.45523],[175.61832,-40.45801],[175.61643,-40.45972],[175.61826,-40.46158],[175.61381,-40.46437],[175.61533,-40.46622],[175.61363,-40.46828],[175.61186,-40.46845],[175.61224,-40.47022],[175.60871,-40.47174],[175.60798,-40.47328],[175.60321,-40.47423],[175.60289,-40.47268],[175.60369,-40.47365],[175.60592,-40.47216],[175.60253,-40.47206],[175.60169,-40.47039],[175.60029,-40.47183],[175.60187,-40.4738],[175.59855,-40.47469],[175.60042,-40.47543],[175.60009,-40.47734],[175.59839,-40.47795],[175.60013,-40.4807],[175.59798,-40.48296],[175.59747,-40.48653],[175.5965,-40.48693],[175.59611,-40.48861],[175.59429,-40.48953],[175.59324,-40.48788],[175.5878,-40.49021],[175.58706,-40.49229],[175.58458,-40.49415],[175.58498,-40.49508],[175.58249,-40.49971],[175.58356,-40.50352],[175.57745,-40.50816],[175.57531,-40.51058],[175.5752,-40.51203],[175.56957,-40.51504],[175.56795,-40.51739],[175.56742,-40.51913],[175.56889,-40.52061],[175.56929,-40.52431],[175.56788,-40.52871],[175.56572,-40.52935],[175.56335,-40.52825],[175.56216,-40.52887],[175.55584,-40.52636],[175.553,-40.52873],[175.5519,-40.52904],[175.55188,-40.52816],[175.55027,-40.52743],[175.54917,-40.52848],[175.54413,-40.53025],[175.54135,-40.53878],[175.53486,-40.53965],[175.53401,-40.53908],[175.53437,-40.54098],[175.53052,-40.54364],[175.53057,-40.54805],[175.52902,-40.54893],[175.52926,-40.54968],[175.52628,-40.55156],[175.52095,-40.55313],[175.52,-40.55435],[175.51779,-40.5546],[175.5146,-40.55817],[175.51116,-40.56444],[175.51335,-40.56949],[175.51174,-40.57033],[175.51138,-40.57144],[175.50977,-40.57162],[175.51011,-40.57247],[175.50581,-40.57196],[175.50419,-40.57349],[175.50249,-40.57247],[175.48671,-40.57982],[175.48507,-40.58246],[175.48286,-40.58285],[175.48201,-40.58437],[175.48284,-40.58501],[175.47895,-40.58786],[175.47902,-40.58975],[175.47775,-40.59081],[175.47912,-40.59102],[175.47793,-40.59572],[175.47959,-40.59842],[175.47708,-40.60127],[175.47822,-40.6049],[175.47543,-40.60538],[175.47417,-40.60722],[175.47446,-40.60998],[175.47635,-40.61271],[175.4743,-40.615],[175.46897,-40.61707],[175.46148,-40.61692],[175.45799,-40.61791],[175.45833,-40.62139],[175.4565,-40.62325],[175.45648,-40.62622],[175.45399,-40.62743],[175.45264,-40.6305],[175.44858,-40.63205],[175.44354,-40.62821],[175.44095,-40.62871],[175.43875,-40.62706],[175.43764,-40.62776],[175.4347,-40.62497],[175.42916,-40.62585],[175.42747,-40.62683],[175.42294,-40.62522],[175.41322,-40.63053],[175.40827,-40.63189],[175.40029,-40.63135],[175.39548,-40.63386],[175.3943,-40.63638],[175.39104,-40.6367],[175.38841,-40.63611],[175.38756,-40.63714],[175.38784,-40.63878],[175.38687,-40.63784],[175.38564,-40.63847],[175.38366,-40.64259],[175.37984,-40.64539],[175.3713,-40.64866],[175.3674,-40.64905],[175.36447,-40.65017],[175.36424,-40.6514],[175.3651,-40.65201],[175.36364,-40.65334],[175.3593,-40.65279],[175.35492,-40.65492],[175.35201,-40.6554],[175.34733,-40.65799],[175.34809,-40.65848],[175.35241,-40.65741],[175.35889,-40.66047],[175.36346,-40.65949],[175.36476,-40.6599],[175.36782,-40.66357],[175.36715,-40.66592],[175.36871,-40.66697],[175.3663,-40.67284],[175.36621,-40.67675],[175.37055,-40.68135],[175.36808,-40.68467],[175.364,-40.68648],[175.36022,-40.69256],[175.35867,-40.69301],[175.35678,-40.69661],[175.35522,-40.69778],[175.35506,-40.70118],[175.35317,-40.70461],[175.35343,-40.70645],[175.35236,-40.70805],[175.35297,-40.71169],[175.35057,-40.71496],[175.35274,-40.71828],[175.35598,-40.71998],[175.35611,-40.7215],[175.35804,-40.72399],[175.35572,-40.72909],[175.35603,-40.73027],[175.36029,-40.73247],[175.36193,-40.73108],[175.36433,-40.73079],[175.36829,-40.72773],[175.37172,-40.7268],[175.37538,-40.72938],[175.37613,-40.73204],[175.37817,-40.7329],[175.38804,-40.73096],[175.39761,-40.73771],[175.40206,-40.73673],[175.40432,-40.73541],[175.40797,-40.73608],[175.40968,-40.73758],[175.4126,-40.73852],[175.416,-40.74185],[175.4197,-40.74293],[175.42432,-40.74608],[175.42341,-40.7483],[175.42073,-40.74862],[175.41805,-40.7501],[175.40903,-40.75068],[175.40444,-40.75244],[175.39873,-40.75581],[175.39834,-40.75728],[175.39542,-40.75936],[175.3933,-40.76311],[175.39253,-40.768],[175.38835,-40.77082],[175.38425,-40.7788],[175.38012,-40.78024],[175.37987,-40.78382],[175.37873,-40.78479],[175.37924,-40.78822],[175.37773,-40.79022],[175.37787,-40.7921],[175.37606,-40.79419],[175.37707,-40.79632],[175.3765,-40.7992],[175.37762,-40.80124],[175.37651,-40.80398],[175.37698,-40.80888],[175.37359,-40.80999],[175.36639,-40.81059],[175.35909,-40.81252],[175.35724,-40.81378],[175.35621,-40.81596],[175.35772,-40.81865],[175.35641,-40.82185],[175.35425,-40.82335],[175.35395,-40.82697],[175.34833,-40.82798],[175.34597,-40.82772],[175.34256,-40.82496],[175.33881,-40.82413],[175.33553,-40.82501],[175.3311,-40.82762],[175.32616,-40.828],[175.32131,-40.82613],[175.31606,-40.82731],[175.30828,-40.82702],[175.30882,-40.83093],[175.30755,-40.83149],[175.30388,-40.83042],[175.30228,-40.82898],[175.29961,-40.82924],[175.29912,-40.83363],[175.29657,-40.83556],[175.29712,-40.83653],[175.29013,-40.84376],[175.28705,-40.84481],[175.28484,-40.84831],[175.28401,-40.85291],[175.28284,-40.85421],[175.282,-40.85403],[175.28106,-40.8556],[175.27692,-40.85606],[175.27377,-40.85818],[175.27317,-40.86031],[175.27069,-40.86159],[175.26787,-40.86196],[175.26512,-40.86335],[175.26154,-40.8631],[175.26098,-40.86438],[175.25849,-40.86462],[175.25377,-40.86756],[175.24865,-40.869],[175.24798,-40.87042],[175.24665,-40.87027],[175.24176,-40.8744],[175.23855,-40.8744],[175.23828,-40.87496],[175.236,-40.87429],[175.23231,-40.87442],[175.23095,-40.87379],[175.23146,-40.87253],[175.23047,-40.87183],[175.22738,-40.87494],[175.22128,-40.87818],[175.22091,-40.88049],[175.21931,-40.87983],[175.21663,-40.88161],[175.2154,-40.88061],[175.21676,-40.88104],[175.21593,-40.87843],[175.21128,-40.8759],[175.20824,-40.8799],[175.20438,-40.88176],[175.20393,-40.88296],[175.20204,-40.88393],[175.20115,-40.88804],[175.20019,-40.88918],[175.19889,-40.88922],[175.19886,-40.89137],[175.19761,-40.89287],[175.19258,-40.89442],[175.1888,-40.89337],[175.18431,-40.89952],[175.1816,-40.90069],[175.18222,-40.90134],[175.18142,-40.90325],[175.18017,-40.90393],[175.17793,-40.90253],[175.17521,-40.90202],[175.17042,-40.90249],[175.16937,-40.90161],[175.16799,-40.90226],[175.16576,-40.90104],[175.16469,-40.8988],[175.1539,-40.89623],[175.15321,-40.8954],[175.15362,-40.89223],[175.15257,-40.89052],[175.15333,-40.88852],[175.15275,-40.88648],[175.14905,-40.88273],[175.14824,-40.879],[175.14262,-40.87763],[175.13855,-40.8786],[175.13347,-40.87599],[175.13163,-40.87933],[175.13118,-40.88357],[175.12876,-40.88588],[175.12812,-40.8888],[175.12598,-40.88937],[175.12405,-40.89207],[175.12015,-40.89269],[175.1192,-40.89581],[175.11628,-40.8958],[175.11552,-40.89483],[175.1119,-40.89491],[175.10804,-40.89539],[175.10434,-40.8978],[175.10094,-40.89709],[175.09588,-40.89761],[175.09412,-40.89834],[175.09366,-40.89981],[175.08107,-40.90307],[175.07729,-40.90583],[175.07501,-40.90428],[175.07493,-40.89928],[175.07644,-40.89729],[175.07633,-40.8943],[175.07398,-40.89006],[175.07163,-40.88016],[175.0686,-40.87854],[175.06491,-40.87761],[175.06286,-40.88208],[175.05964,-40.8812],[175.05392,-40.88393],[175.05201,-40.88182],[175.04574,-40.88083],[175.04163,-40.88154],[175.04068,-40.88085],[175.04045,-40.8774],[175.03827,-40.87568],[175.02832,-40.87746],[175.01903,-40.87676],[175.01546,-40.87765],[175.01064,-40.87724],[175.00946,-40.87584],[175.00779,-40.87604],[175.00637,-40.87532],[175.00414,-40.87597],[175.00202,-40.87803],[174.99898,-40.87948],[174.99722,-40.87529],[174.98914,-40.87884],[174.98499,-40.8818],[174.9801,-40.89039],[174.97704,-40.90092],[174.97852,-40.91738],[174.976,-40.9309],[174.96918,-40.95443],[174.96917,-40.95557],[174.97047,-40.95663],[174.96872,-40.95776],[174.97059,-40.95921],[174.96827,-40.95989],[174.9682,-40.96108],[174.96685,-40.96133],[174.96566,-40.96267],[174.96375,-40.96618],[174.96397,-40.96737],[174.9611,-40.97085],[174.96079,-40.97289],[174.9581,-40.97541],[174.94951,-40.98747],[174.95231,-40.98865],[174.94114,-41.00002],[174.93494,-41.00339],[174.92798,-41.00553],[174.92772,-41.00618],[174.92865,-41.00613],[174.92745,-41.00838],[174.92371,-41.01329],[174.9187,-41.01571],[174.91603,-41.01916],[174.91519,-41.01896],[174.91346,-41.02081],[174.91166,-41.02095],[174.91092,-41.02256],[174.90782,-41.0233],[174.90701,-41.02451],[174.90287,-41.02657],[174.89785,-41.03081],[174.89717,-41.03363],[174.89462,-41.03436],[174.89149,-41.03312],[174.88817,-41.03761],[174.88635,-41.03856],[174.8873,-41.03605],[174.88681,-41.03513],[174.88525,-41.03745],[174.88372,-41.04386],[174.87844,-41.04775],[174.87667,-41.05038],[174.8771,-41.05375],[174.87548,-41.05694],[174.877,-41.0634],[174.87678,-41.06876],[174.87424,-41.07571],[174.87228,-41.07812],[174.86894,-41.07988],[174.86649,-41.08296],[174.86771,-41.08679],[174.86637,-41.09011],[174.86784,-41.09327],[174.86871,-41.10286],[174.86979,-41.10273],[174.86908,-41.10466],[174.86494,-41.10721],[174.86524,-41.10775],[174.86268,-41.10977],[174.86102,-41.1143],[174.85855,-41.1172],[174.85854,-41.11975],[174.8551,-41.12196],[174.85518,-41.12343],[174.85416,-41.12409],[174.85168,-41.1236],[174.85247,-41.12491],[174.84671,-41.12711],[174.84572,-41.12813],[174.84475,-41.13121],[174.84263,-41.13244],[174.84267,-41.13661],[174.84196,-41.13533],[174.84128,-41.1364],[174.8392,-41.13564],[174.83814,-41.13631],[174.83867,-41.1389],[174.83628,-41.13954],[174.83257,-41.13898],[174.83069,-41.13994],[174.82846,-41.13983],[174.82851,-41.13711],[174.82771,-41.13668],[174.8242,-41.13916],[174.81829,-41.1392],[174.81613,-41.14052],[174.8152,-41.14431],[174.81373,-41.14368],[174.81171,-41.14394],[174.8119,-41.14495],[174.81106,-41.14478],[174.80778,-41.14726],[174.80607,-41.15165],[174.80446,-41.15211],[174.80391,-41.15568],[174.8055,-41.15784],[174.80834,-41.1587],[174.81052,-41.15806],[174.81131,-41.15871],[174.81047,-41.15918],[174.81054,-41.16118],[174.80919,-41.16115],[174.81044,-41.16219],[174.80983,-41.16272],[174.80938,-41.16191],[174.80983,-41.16334],[174.80843,-41.16368],[174.80279,-41.17069],[174.80232,-41.1736],[174.79703,-41.1777],[174.79716,-41.17987],[174.79482,-41.18235],[174.79238,-41.18321],[174.79032,-41.18705],[174.78307,-41.19461],[174.77329,-41.20824],[174.77901,-41.21737],[174.78027,-41.22109],[174.78126,-41.22114],[174.78031,-41.22004],[174.7817,-41.21856],[174.78378,-41.21824],[174.78416,-41.2189],[174.78534,-41.21842],[174.78622,-41.21889],[174.78953,-41.21778],[174.79055,-41.21821],[174.78975,-41.21911],[174.78881,-41.21878],[174.78871,-41.22346],[174.78641,-41.22515],[174.78673,-41.2258],[174.78615,-41.2256],[174.78689,-41.22809],[174.78684,-41.22883],[174.7862,-41.22799],[174.78663,-41.22968],[174.78591,-41.23064],[174.78664,-41.23187],[174.78482,-41.23279],[174.78274,-41.23194],[174.77961,-41.23412],[174.77834,-41.23396],[174.77527,-41.2354],[174.77212,-41.23535],[174.76742,-41.23692],[174.76601,-41.23671],[174.76252,-41.23919],[174.76271,-41.24194],[174.7667,-41.24206],[174.76777,-41.24316],[174.77179,-41.24414],[174.7733,-41.24553],[174.77281,-41.24636],[174.77393,-41.24691],[174.77325,-41.24771],[174.77392,-41.24956],[174.7706,-41.25306],[174.76679,-41.25561],[174.76793,-41.25797],[174.76896,-41.25833],[174.76861,-41.25924],[174.77066,-41.25979],[174.77,-41.26014],[174.77176,-41.26035],[174.77317,-41.25931],[174.77314,-41.26168],[174.77394,-41.262],[174.77291,-41.26487],[174.77517,-41.26544],[174.77527,-41.2677],[174.77046,-41.2702],[174.76922,-41.27242],[174.76825,-41.27262],[174.76835,-41.27339],[174.76989,-41.27376],[174.76884,-41.27415],[174.76984,-41.27543],[174.76759,-41.27806],[174.76886,-41.27907],[174.76674,-41.28081],[174.76644,-41.28193],[174.76738,-41.2829],[174.76639,-41.28288],[174.76755,-41.28366],[174.76666,-41.28393],[174.76771,-41.28499],[174.76811,-41.28098],[174.76942,-41.28224],[174.77012,-41.28042],[174.77416,-41.27844],[174.77688,-41.27937],[174.77574,-41.2805],[174.77537,-41.28462],[174.77627,-41.28653],[174.77533,-41.28821],[174.77833,-41.28883],[174.77856,-41.28804],[174.77957,-41.28797],[174.7803,-41.28961],[174.78302,-41.28941],[174.7835,-41.2906],[174.78586,-41.29064],[174.78643,-41.2916],[174.79127,-41.29057],[174.79289,-41.29119],[174.79547,-41.29099],[174.7988,-41.28853],[174.7988,-41.28946],[174.79959,-41.28947],[174.79841,-41.29038],[174.79822,-41.29227],[174.79669,-41.29243],[174.79559,-41.29355],[174.7956,-41.29499],[174.79163,-41.29438],[174.79288,-41.29564],[174.79267,-41.29773],[174.78891,-41.30344],[174.7868,-41.30482],[174.78792,-41.30519],[174.7884,-41.31055],[174.78617,-41.31172],[174.78895,-41.31947],[174.78868,-41.32318],[174.78748,-41.32404],[174.78628,-41.32352],[174.78418,-41.32409],[174.78603,-41.32592],[174.78499,-41.32616],[174.78483,-41.3287],[174.78172,-41.32977],[174.78288,-41.33154],[174.78376,-41.33143],[174.78518,-41.33282],[174.78647,-41.3358],[174.788,-41.33607],[174.78492,-41.34176],[174.77959,-41.34511],[174.77757,-41.34512],[174.77362,-41.34281],[174.77038,-41.34308],[174.77088,-41.34399],[174.23525,-41.09474],[174.232,-41.09495],[174.23388,-41.09589],[174.22963,-41.0959],[174.23175,-41.09706],[174.23422,-41.09699],[174.23373,-41.09975],[174.23288,-41.10009],[174.23387,-41.10065],[174.23255,-41.10124],[174.23129,-41.10077],[174.23135,-41.10323],[174.23005,-41.10467],[174.2311,-41.10722],[174.23081,-41.10882],[174.22948,-41.10991],[174.23148,-41.11108],[174.22973,-41.11371],[174.23013,-41.11508],[174.23191,-41.11574],[174.22839,-41.11531],[174.22702,-41.11343],[174.22768,-41.11243],[174.2256,-41.11233],[174.22592,-41.11092],[174.221,-41.11138],[174.22067,-41.11239],[174.21923,-41.11135],[174.21688,-41.11153],[174.21693,-41.11232],[174.21532,-41.11166],[174.21543,-41.1128],[174.21255,-41.11317],[174.21249,-41.11532],[174.20908,-41.11268],[174.20774,-41.11433],[174.20316,-41.11349],[174.20426,-41.11587],[174.20188,-41.11823],[174.20146,-41.12066],[174.19628,-41.11785],[174.19479,-41.11884],[174.19267,-41.11862],[174.19342,-41.12056],[174.19241,-41.12145],[174.19169,-41.12091],[174.19046,-41.12164],[174.1895,-41.12066],[174.18723,-41.12149],[174.18648,-41.11951],[174.18337,-41.11922],[174.18406,-41.11653],[174.18198,-41.11396],[174.18343,-41.10907],[174.18498,-41.10716],[174.1841,-41.10075],[174.18841,-41.09712],[174.18813,-41.09253],[174.1839,-41.09081],[174.18063,-41.08668],[174.17722,-41.08582],[174.17564,-41.08904],[174.17667,-41.09457],[174.17245,-41.09533],[174.17205,-41.09634],[174.17318,-41.09883],[174.17095,-41.09936],[174.1719,-41.10008],[174.17143,-41.1047],[174.16999,-41.10575],[174.16983,-41.1083],[174.16761,-41.11111],[174.1663,-41.11115],[174.16558,-41.11322],[174.16411,-41.11379],[174.16285,-41.11568],[174.15892,-41.11581],[174.1583,-41.11452],[174.15626,-41.11424],[174.15417,-41.11187],[174.15249,-41.11198],[174.14972,-41.10943],[174.14861,-41.10934],[174.14697,-41.1061],[174.14591,-41.10562],[174.14444,-41.1065],[174.14565,-41.11109],[174.147,-41.11157],[174.14696,-41.11373],[174.14858,-41.1151],[174.14742,-41.11837],[174.14796,-41.11935],[174.14649,-41.12046],[174.14799,-41.12146],[174.14766,-41.12291],[174.14904,-41.12446],[174.14697,-41.1258],[174.14807,-41.12635],[174.14694,-41.12806],[174.14533,-41.12825],[174.14539,-41.13012],[174.14688,-41.13028],[174.14757,-41.13129],[174.14561,-41.13185],[174.14268,-41.12982],[174.14457,-41.13262],[174.1442,-41.13332],[174.14706,-41.13497],[174.15021,-41.13849],[174.14885,-41.14041],[174.14946,-41.14404],[174.1509,-41.14515],[174.14816,-41.1477],[174.14992,-41.14855],[174.15151,-41.14822],[174.15346,-41.14937],[174.15513,-41.15245],[174.15897,-41.15604],[174.15737,-41.15524],[174.15769,-41.15689],[174.1595,-41.15757],[174.16038,-41.15961],[174.15516,-41.16442],[174.15155,-41.16551],[174.1493,-41.16539],[174.14639,-41.16819],[174.1433,-41.16966],[174.1396,-41.1738],[174.13966,-41.17557],[174.13883,-41.17465],[174.13815,-41.17733],[174.1349,-41.1788],[174.13483,-41.17976],[174.13261,-41.17949],[174.12894,-41.18341],[174.12043,-41.185],[174.11151,-41.18974],[174.10731,-41.19341],[174.1057,-41.19881],[174.10002,-41.19743],[174.1001,-41.19627],[174.09766,-41.19406],[174.08741,-41.19653],[174.08352,-41.20101],[174.08072,-41.20086],[174.07745,-41.20183],[174.07225,-41.20061],[174.06566,-41.20035],[174.06111,-41.19817],[174.05766,-41.19825],[174.05241,-41.20191],[174.0458,-41.20303],[174.04437,-41.20475],[174.04041,-41.20704],[174.03956,-41.209],[174.04036,-41.21253],[174.03912,-41.21512],[174.03801,-41.21376],[174.03746,-41.21],[174.03447,-41.20754],[174.03436,-41.20637],[174.03232,-41.20494],[174.02863,-41.20585],[174.02519,-41.20453],[174.02568,-41.2055],[174.02458,-41.20534],[174.01975,-41.20983],[174.01498,-41.21065],[174.00998,-41.21303],[174.01044,-41.21207],[174.00937,-41.21234],[174.00874,-41.21271],[174.00934,-41.21366],[174.00765,-41.21267],[174.00458,-41.21315],[173.99959,-41.21203],[173.99504,-41.21344],[173.99337,-41.21301],[173.98811,-41.2148],[173.98517,-41.2133],[173.97983,-41.21503],[173.97579,-41.21835],[173.97521,-41.21795],[173.96977,-41.22038],[173.96864,-41.22066],[173.96808,-41.2195],[173.96424,-41.22007],[173.9603,-41.21962],[173.95888,-41.22058],[173.95851,-41.22201],[173.96064,-41.22442],[173.95747,-41.22499],[173.95919,-41.2279],[173.95803,-41.2289],[173.95834,-41.23095],[173.95741,-41.23152],[173.95824,-41.23448],[173.96044,-41.23553],[173.95934,-41.23746],[173.96051,-41.23961],[173.96437,-41.24252],[173.9645,-41.24352],[173.96277,-41.2452],[173.96276,-41.24818],[173.96376,-41.24913],[173.96049,-41.25025],[173.95866,-41.24817],[173.95843,-41.24574],[173.95729,-41.2454],[173.9557,-41.24746],[173.95427,-41.24767],[173.95493,-41.24893],[173.95285,-41.25028],[173.95199,-41.25271],[173.95156,-41.25221],[173.9503,-41.25358],[173.94932,-41.25352],[173.94637,-41.25624],[173.94382,-41.25595],[173.94208,-41.25355],[173.94015,-41.2538],[173.93834,-41.25569],[173.93753,-41.25819],[173.9342,-41.25873],[173.92593,-41.26389],[173.92352,-41.2645],[173.9134,-41.26435],[173.91076,-41.26655],[173.90997,-41.26919],[173.90795,-41.27135],[173.90538,-41.27894],[173.89532,-41.29003],[173.84773,-41.28904],[173.84188,-41.29181],[173.83682,-41.29196],[173.83448,-41.29298],[173.83049,-41.29199],[173.82206,-41.29271],[173.81329,-41.2881],[173.80965,-41.28754],[173.80611,-41.28791],[173.8055,-41.28716],[173.80425,-41.28785],[173.80369,-41.28722],[173.80239,-41.28746],[173.80281,-41.28556],[173.80023,-41.2848],[173.79832,-41.28055],[173.79682,-41.28063],[173.79566,-41.27805],[173.79301,-41.27727],[173.7932,-41.27659],[173.79132,-41.27538],[173.79165,-41.27336],[173.79002,-41.27325],[173.7875,-41.26985],[173.78602,-41.26925],[173.78695,-41.27357],[173.78471,-41.27512],[173.78608,-41.27678],[173.78484,-41.27854],[173.78286,-41.27885],[173.78359,-41.28058],[173.78234,-41.28096],[173.78235,-41.28176],[173.77902,-41.28448],[173.77337,-41.28699],[173.77154,-41.28698],[173.77066,-41.28531],[173.76869,-41.28468],[173.7695,-41.28358],[173.76818,-41.28161],[173.76906,-41.28143],[173.76866,-41.2791],[173.76699,-41.2791],[173.76487,-41.27566],[173.74754,-41.27199],[173.74571,-41.27235],[173.74173,-41.27546],[173.73849,-41.27543],[173.73505,-41.27441],[173.73178,-41.27495],[173.72934,-41.27356],[173.72929,-41.26999],[173.72672,-41.26688],[173.72291,-41.26961],[173.71741,-41.27693],[173.69992,-41.28104],[173.69565,-41.28073],[173.69035,-41.27898],[173.68393,-41.27894],[173.67835,-41.27752],[173.67494,-41.27743],[173.66784,-41.27919],[173.66714,-41.27586],[173.66446,-41.27376],[173.6633,-41.26973],[173.66204,-41.26889],[173.6577,-41.26923],[173.64966,-41.27265],[173.64738,-41.27759],[173.63958,-41.2842],[173.63338,-41.2873],[173.62132,-41.29561],[173.60414,-41.29774],[173.59794,-41.29667],[173.58583,-41.29683],[173.58073,-41.29843],[173.57907,-41.29834],[173.57755,-41.29581],[173.57303,-41.29741],[173.56952,-41.29761],[173.54678,-41.30256],[173.54424,-41.30132],[173.54368,-41.30224],[173.541,-41.30249],[173.54055,-41.30377],[173.53732,-41.30443],[173.53036,-41.30849],[173.53027,-41.30927],[173.5248,-41.31044],[173.5254,-41.31142],[173.52228,-41.31292],[173.52071,-41.31572],[173.51724,-41.31714],[173.51268,-41.32109],[173.51105,-41.31954],[173.51102,-41.31656],[173.50837,-41.31594],[173.50738,-41.31423],[173.50627,-41.31442],[173.50599,-41.31278],[173.503,-41.31183],[173.50261,-41.31307],[173.49989,-41.31326],[173.49554,-41.31199],[173.49185,-41.31265],[173.49003,-41.3136],[173.48923,-41.31676],[173.48245,-41.32044],[173.47753,-41.3194],[173.46981,-41.32248],[173.46399,-41.31999],[173.45918,-41.32069],[173.4577,-41.32151],[173.45677,-41.32338],[173.45918,-41.32648],[173.46215,-41.3285],[173.46436,-41.32905],[173.46797,-41.33305],[173.46443,-41.33635],[173.4616,-41.34188],[173.45846,-41.34351],[173.45774,-41.34553],[173.4585,-41.34812],[173.46179,-41.34914],[173.46357,-41.35319],[173.46057,-41.35528],[173.45638,-41.35517],[173.45499,-41.35577],[173.45422,-41.35706],[173.45491,-41.35801],[173.45345,-41.35886],[173.45669,-41.36095],[173.45722,-41.36235],[173.45611,-41.36502],[173.45076,-41.36977],[173.44765,-41.36972],[173.44415,-41.37133],[173.43824,-41.37078],[173.4366,-41.37312],[173.4348,-41.37368],[173.43393,-41.37103],[173.42973,-41.37021],[173.42888,-41.37137],[173.42622,-41.3717],[173.4179,-41.37551],[173.41215,-41.37481],[173.40466,-41.38126],[173.39931,-41.38232],[173.39565,-41.38424],[173.39301,-41.3842],[173.39181,-41.38508],[173.39032,-41.38352],[173.38882,-41.38315],[173.38276,-41.38307],[173.3806,-41.38371],[173.37736,-41.38299],[173.37551,-41.38367],[173.37296,-41.38213],[173.36951,-41.3774],[173.36752,-41.37639],[173.36565,-41.37658],[173.36247,-41.37564],[173.36089,-41.37376],[173.35738,-41.37224],[173.35448,-41.36716],[173.3531,-41.37052],[173.34889,-41.37413],[173.3472,-41.37389],[173.34442,-41.37494],[173.34031,-41.37863],[173.33802,-41.38566],[173.33644,-41.38531],[173.33434,-41.38614],[173.3238,-41.38669],[173.32063,-41.38889],[173.31701,-41.38982],[173.31392,-41.38975],[173.31351,-41.39044],[173.30728,-41.39181],[173.30518,-41.39307],[173.29727,-41.39363],[173.29121,-41.39881],[173.28593,-41.40145],[173.28506,-41.4028],[173.28554,-41.40585],[173.288,-41.40986],[173.28793,-41.41134],[173.28691,-41.41209],[173.283,-41.41152],[173.27688,-41.41371],[173.27097,-41.41423],[173.26339,-41.41393],[173.26091,-41.41315],[173.25604,-41.41352],[173.2512,-41.41258],[173.25119,-41.4143],[173.24712,-41.41486],[173.24413,-41.4168],[173.24478,-41.41836],[173.24287,-41.42088],[173.24406,-41.42334],[173.24571,-41.42424],[173.24658,-41.42686],[173.24546,-41.43077],[173.246,-41.43527],[173.24458,-41.43831],[173.24517,-41.43981],[173.2438,-41.44168],[173.24551,-41.44337],[173.24591,-41.44551],[173.24498,-41.44869],[173.24261,-41.45097],[173.24328,-41.45384],[173.24081,-41.45373],[173.2401,-41.45691],[173.24206,-41.45832],[173.24639,-41.45795],[173.24972,-41.45898],[173.2523,-41.46169],[173.25323,-41.46694],[173.25663,-41.46867],[173.26326,-41.4761],[173.2668,-41.47756],[173.27144,-41.48214],[173.27826,-41.48461],[173.27833,-41.48545],[173.27573,-41.48735],[173.27647,-41.48897],[173.27839,-41.49038],[173.28384,-41.49235],[173.28845,-41.49248],[173.29292,-41.49494],[173.29323,-41.49689],[173.29618,-41.5005],[173.30397,-41.50582],[173.30306,-41.50992],[173.29827,-41.51341],[173.29788,-41.5162],[173.2923,-41.5166],[173.28675,-41.51809],[173.2839,-41.51687],[173.27944,-41.51628],[173.26974,-41.51915],[173.26371,-41.52199],[173.25853,-41.52095],[173.25481,-41.5213],[173.25211,-41.52436],[173.25041,-41.52488],[173.24627,-41.5245],[173.24319,-41.52318],[173.23755,-41.52269],[173.2363,-41.52224],[173.23514,-41.52036],[173.23276,-41.51943],[173.23111,-41.5205],[173.22626,-41.52129],[173.22068,-41.51921],[173.21669,-41.51862],[173.21368,-41.51937],[173.2067,-41.51934],[173.20439,-41.52012],[173.19907,-41.52295],[173.19813,-41.52674],[173.19487,-41.52682],[173.19296,-41.5278],[173.18597,-41.5287],[173.18313,-41.5272],[173.17947,-41.52731],[173.17383,-41.52612],[173.16998,-41.52866],[173.16964,-41.53166],[173.17471,-41.54003],[173.17462,-41.54255],[173.17047,-41.54736],[173.16714,-41.54941],[173.16792,-41.55182],[173.16466,-41.55233],[173.15821,-41.56543],[173.15301,-41.56773],[173.15256,-41.57048],[173.15104,-41.57264],[173.14937,-41.57321],[173.13937,-41.5709],[173.13515,-41.56854],[173.13465,-41.56614],[173.13264,-41.56487],[173.12924,-41.56403],[173.12683,-41.56474],[173.12353,-41.5693],[173.121,-41.57017],[173.12153,-41.57077],[173.12023,-41.57159],[173.12066,-41.57268],[173.11869,-41.57779],[173.11456,-41.58579],[173.11112,-41.58793],[173.10888,-41.59064],[173.10293,-41.59253],[173.10071,-41.59579],[173.09971,-41.59926],[173.09774,-41.60041],[173.09435,-41.60577],[173.08948,-41.607],[173.08327,-41.60988],[173.08099,-41.60958],[173.07893,-41.6113],[173.07707,-41.61168],[173.07548,-41.61092],[173.07191,-41.61085],[173.07103,-41.60966],[173.06533,-41.60773],[173.06179,-41.60819],[173.05509,-41.60321],[173.05453,-41.60226],[173.05578,-41.6],[173.06007,-41.5945],[173.05996,-41.59249],[173.05689,-41.58952],[173.0535,-41.58777],[173.0513,-41.58466],[173.04501,-41.58067],[173.04141,-41.58009],[173.03846,-41.57856],[173.03185,-41.58111],[173.02565,-41.58679],[173.02235,-41.58858],[173.01958,-41.59199],[173.01619,-41.59343],[173.01089,-41.59725],[173.00588,-41.59691],[173.00368,-41.59823],[173.00281,-41.59971],[173.00325,-41.60115],[173.00049,-41.6056],[172.99946,-41.61106],[172.9975,-41.61491],[172.99984,-41.62143],[172.99873,-41.62264],[173.00001,-41.6262],[172.99785,-41.63405],[172.99864,-41.63787],[172.99953,-41.63816],[172.99674,-41.64284],[173.00025,-41.64503],[172.99812,-41.65214],[172.99735,-41.6536],[172.99333,-41.65422],[172.98966,-41.65612],[172.99037,-41.65664],[172.98905,-41.65781],[172.98345,-41.65887],[172.97634,-41.66246],[172.97564,-41.66431],[172.97656,-41.66841],[172.97215,-41.67342],[172.97489,-41.67483],[172.97443,-41.67717],[172.9774,-41.68039],[172.97783,-41.68342],[172.97907,-41.68432],[172.98229,-41.69203],[172.98405,-41.69354],[172.9823,-41.69593],[172.98514,-41.69766],[172.98605,-41.69959],[172.98538,-41.70191],[172.98652,-41.70337],[172.98445,-41.70763],[172.98585,-41.70839],[172.98473,-41.71126],[172.98456,-41.71782],[172.98709,-41.72304],[172.98899,-41.72494],[172.9911,-41.73083],[172.98771,-41.73099],[172.98494,-41.72889],[172.98203,-41.72862],[172.98112,-41.73014],[172.97904,-41.73095],[172.97923,-41.73367],[172.97696,-41.73563],[172.97317,-41.7364],[172.96807,-41.73521],[172.96326,-41.7452],[172.95643,-41.75036],[172.95574,-41.74966],[172.94933,-41.7501],[172.94541,-41.74907],[172.94525,-41.74808],[172.94257,-41.74886],[172.93803,-41.74614],[172.93242,-41.74462],[172.92887,-41.74548],[172.92732,-41.74659],[172.92661,-41.74942],[172.92607,-41.75388],[172.92677,-41.7558],[172.92428,-41.75936],[172.9278,-41.76204],[172.92748,-41.76297],[172.92928,-41.7624],[172.92944,-41.76451],[172.931,-41.7642],[172.92986,-41.7657],[172.92785,-41.76626],[172.92979,-41.76802],[172.9273,-41.77092],[172.93047,-41.77157],[172.93334,-41.7712],[172.93309,-41.77375],[172.92621,-41.7761],[172.91495,-41.77767],[172.9039,-41.78209],[172.88552,-41.78795],[172.87772,-41.79378],[172.86819,-41.79912],[172.8477,-41.80153],[172.84877,-41.80236],[172.84758,-41.8029],[172.84611,-41.80613],[172.84957,-41.8078],[172.85021,-41.81317],[172.84867,-41.81559],[172.84694,-41.8238],[172.84904,-41.82607],[172.84889,-41.8277],[172.84656,-41.82957],[172.84935,-41.83296],[172.84761,-41.83638],[172.84843,-41.8386],[172.84716,-41.84068],[172.84373,-41.84196],[172.84104,-41.84578],[172.84034,-41.852],[172.83703,-41.85475],[172.83424,-41.85547],[172.83367,-41.85647],[172.83454,-41.85781],[172.8322,-41.86076],[172.82468,-41.86349],[172.82167,-41.86803],[172.82309,-41.87319],[172.82167,-41.87688],[172.81992,-41.87819],[172.82221,-41.8803],[172.82192,-41.88155],[172.81955,-41.8839],[172.81642,-41.88254],[172.81457,-41.88476],[172.81564,-41.88775],[172.81453,-41.88911],[172.81509,-41.89045],[172.81423,-41.89338],[172.80991,-41.89856],[172.80962,-41.90211],[172.80842,-41.90316],[172.81056,-41.90832],[172.80625,-41.91652],[172.80998,-41.92012],[172.81117,-41.92297],[172.80962,-41.92963],[172.80604,-41.93425],[172.80405,-41.93521],[172.80301,-41.9381],[172.79804,-41.94172],[172.79442,-41.94252],[172.79546,-41.94313],[172.79567,-41.94478],[172.79168,-41.94695],[172.78893,-41.94998],[172.78543,-41.95554],[172.78595,-41.9577],[172.78383,-41.95936],[172.78324,-41.96181],[172.7806,-41.96429],[172.77904,-41.96735],[172.77439,-41.97182],[172.76936,-41.9741],[172.76691,-41.97562],[172.76631,-41.97723],[172.75998,-41.98068],[172.75886,-41.98513],[172.75618,-41.9892],[172.75698,-41.99111],[172.75637,-41.9946],[172.76,-42.00462],[172.75981,-42.00927],[172.75369,-42.01687],[172.75158,-42.01783],[172.74484,-42.02396],[172.7413,-42.02507],[172.7398,-42.02366],[172.73619,-42.02363],[172.73385,-42.02481],[172.73181,-42.02776],[172.73079,-42.02789],[172.72596,-42.02561],[172.724,-42.02256],[172.71837,-42.02156],[172.71685,-42.0205],[172.71509,-42.02077],[172.71209,-42.01815],[172.70825,-42.01764],[172.70556,-42.01405],[172.70517,-42.01482],[172.70087,-42.01223],[172.69663,-42.0108],[172.69525,-42.0093],[172.69114,-42.00776],[172.68769,-42.00421],[172.6848,-42.00739],[172.68213,-42.00823],[172.67961,-42.01112],[172.67138,-42.01665],[172.66552,-42.02675],[172.66462,-42.03097],[172.65846,-42.03968],[172.65779,-42.04322],[172.65245,-42.04723],[172.65145,-42.04911],[172.65416,-42.05128],[172.65387,-42.05451],[172.65489,-42.05555],[172.65569,-42.06199],[172.65766,-42.06401],[172.65709,-42.06675],[172.6531,-42.07025],[172.65301,-42.07295],[172.65848,-42.07832],[172.659,-42.08471],[172.65771,-42.08788],[172.65418,-42.09036],[172.65605,-42.09326],[172.65539,-42.09514],[172.65276,-42.09778],[172.65267,-42.10259],[172.64863,-42.10492],[172.64648,-42.10855],[172.64833,-42.10984],[172.65364,-42.10898],[172.65786,-42.10934],[172.66019,-42.11068],[172.65966,-42.11121],[172.6625,-42.1137],[172.66732,-42.12068],[172.66784,-42.12507],[172.66992,-42.13021],[172.66856,-42.13698],[172.66592,-42.14306],[172.66086,-42.14943],[172.65896,-42.15843],[172.65969,-42.16033],[172.65892,-42.17027],[172.6604,-42.17277],[172.66119,-42.17988],[172.66249,-42.18231],[172.66003,-42.18563],[172.65947,-42.18801],[172.65977,-42.1939],[172.66186,-42.19518],[172.66156,-42.19756],[172.65432,-42.20524],[172.6535,-42.21326],[172.65159,-42.21353],[172.64794,-42.2215],[172.6452,-42.22315],[172.64449,-42.2269],[172.64168,-42.22785],[172.63469,-42.23349],[172.63533,-42.23775],[172.63051,-42.24176],[172.63057,-42.24612],[172.62937,-42.24936],[172.62422,-42.25478],[172.623,-42.25747],[172.62111,-42.26284],[172.62168,-42.26594],[172.62072,-42.26977],[172.62289,-42.27569],[172.62128,-42.27827],[172.62049,-42.28323],[172.62027,-42.28823],[172.62119,-42.28984],[172.61742,-42.29935],[172.61328,-42.30385],[172.6132,-42.30788],[172.61105,-42.3116],[172.6036,-42.31828],[172.60004,-42.32731],[172.59294,-42.3347],[172.58385,-42.33932],[172.58229,-42.33893],[172.57779,-42.34065],[172.5719,-42.33928],[172.56923,-42.33944],[172.55606,-42.34204],[172.55376,-42.34464],[172.55118,-42.34574],[172.55018,-42.34829],[172.54764,-42.34803],[172.54417,-42.34958],[172.53788,-42.34789],[172.53488,-42.34976],[172.52191,-42.35303],[172.51726,-42.35567],[172.51191,-42.36059],[172.51179,-42.36352],[172.51057,-42.36558],[172.51238,-42.37099],[172.50909,-42.37509],[172.50316,-42.37911],[172.50319,-42.38176],[172.50094,-42.38339],[172.49978,-42.38665],[172.49666,-42.39051],[172.48709,-42.39264],[172.48021,-42.39181],[172.47415,-42.39282],[172.47233,-42.39387],[172.47189,-42.39572],[172.46649,-42.39714],[172.46501,-42.39831],[172.46201,-42.40376],[172.4627,-42.40548],[172.4618,-42.40948],[172.46262,-42.41153],[172.46114,-42.41359],[172.46121,-42.41788],[172.462,-42.41848],[172.461,-42.4259],[172.46197,-42.42756],[172.46224,-42.43254],[172.46439,-42.43715],[172.46345,-42.43744],[172.46327,-42.43989],[172.46466,-42.4481],[172.46351,-42.44918],[172.46325,-42.45693],[172.46077,-42.46173],[172.4635,-42.46878],[172.46306,-42.47454],[172.46382,-42.47866],[172.46704,-42.48361],[172.46884,-42.48455],[172.46835,-42.48642],[172.46969,-42.48716],[172.47057,-42.48957],[172.46973,-42.49277],[172.47061,-42.4949],[172.46312,-42.5004],[172.45171,-42.50393],[172.45116,-42.50518],[172.44582,-42.5078],[172.43763,-42.50961],[172.43592,-42.51155],[172.43338,-42.51224],[172.42905,-42.51691],[172.42549,-42.51674],[172.42222,-42.51773],[172.42007,-42.51692],[172.40864,-42.52229],[172.40619,-42.5213],[172.39353,-42.51971],[172.38837,-42.51707],[172.38327,-42.51641],[172.38133,-42.51688],[172.37863,-42.52554],[172.37744,-42.52538],[172.37526,-42.52838],[172.37036,-42.5309],[172.36569,-42.53069],[172.35709,-42.54021],[172.35468,-42.54181],[172.34996,-42.54286],[172.34517,-42.54536],[172.34485,-42.54947],[172.34589,-42.55179],[172.34114,-42.55606],[172.34156,-42.55735],[172.34354,-42.55951],[172.3511,-42.56277],[172.35323,-42.56581],[172.35663,-42.56751],[172.35875,-42.56961],[172.36071,-42.57269],[172.36317,-42.57314],[172.36122,-42.57404],[172.36569,-42.57936],[172.36443,-42.57964],[172.36626,-42.58191],[172.36684,-42.58531],[172.36805,-42.58648],[172.37002,-42.58675],[172.36678,-42.59359],[172.36651,-42.59617],[172.36434,-42.59904],[172.36167,-42.59918],[172.35745,-42.60137],[172.35334,-42.60118],[172.35144,-42.60296],[172.34668,-42.60419],[172.34194,-42.60381],[172.34106,-42.60503],[172.33844,-42.60518],[172.33753,-42.60656],[172.32692,-42.60831],[172.32472,-42.6097],[172.32066,-42.60853],[172.31611,-42.60854],[172.31028,-42.61206],[172.30588,-42.61282],[172.3014,-42.61552],[172.29571,-42.61564],[172.29046,-42.61775],[172.2864,-42.6168],[172.28264,-42.61942],[172.2772,-42.61878],[172.26995,-42.61979],[172.26396,-42.62118],[172.25304,-42.62592],[172.24324,-42.62803],[172.24152,-42.62782],[172.24342,-42.62936],[172.24388,-42.63092],[172.23536,-42.63808],[172.23571,-42.64042],[172.23717,-42.64212],[172.23632,-42.64384],[172.23706,-42.64605],[172.23628,-42.65042],[172.23698,-42.65185],[172.24015,-42.65416],[172.23946,-42.65646],[172.23603,-42.65839],[172.23434,-42.66065],[172.23246,-42.66083],[172.23001,-42.66248],[172.2283,-42.66735],[172.22861,-42.67283],[172.22404,-42.67943],[172.21653,-42.68287],[172.21173,-42.68423],[172.2091,-42.68425],[172.20453,-42.68636],[172.20232,-42.68616],[172.19901,-42.68756],[172.19063,-42.68784],[172.18818,-42.68904],[172.18186,-42.68918],[172.17911,-42.69018],[172.16532,-42.69006],[172.16033,-42.69103],[172.15974,-42.69216],[172.1577,-42.69297],[172.14975,-42.69457],[172.14386,-42.69385],[172.13567,-42.69536],[172.12849,-42.69379],[172.12184,-42.69411],[172.11691,-42.69673],[172.11413,-42.70054],[172.11209,-42.70618],[172.10876,-42.70562],[172.10332,-42.70327],[172.09757,-42.70446],[172.09331,-42.70381],[172.08818,-42.69961],[172.0859,-42.69878],[172.08357,-42.6993],[172.08066,-42.6978],[172.07714,-42.69775],[172.07626,-42.6968],[172.06848,-42.69488],[172.06041,-42.69438],[172.05788,-42.69503],[172.04555,-42.69432],[172.03995,-42.69625],[172.03485,-42.69567],[172.00812,-42.70158],[172.00484,-42.70181],[172.00176,-42.70062],[171.99789,-42.70027],[171.99175,-42.70093],[171.9844,-42.70054],[171.98032,-42.70191],[171.97774,-42.70527],[171.97252,-42.70626],[171.9712,-42.70793],[171.96996,-42.70707],[171.96514,-42.70747],[171.96291,-42.70696],[171.95536,-42.71017],[171.94954,-42.71164],[171.94187,-42.71102],[171.93702,-42.71258],[171.93623,-42.71417],[171.93083,-42.717],[171.92548,-42.71566],[171.92234,-42.71683],[171.92067,-42.71944],[171.91889,-42.71911],[171.91193,-42.72104],[171.9066,-42.72111],[171.90186,-42.72254],[171.90075,-42.72359],[171.89836,-42.7238],[171.89181,-42.72703],[171.88654,-42.72819],[171.87937,-42.7283],[171.87612,-42.72935],[171.87332,-42.72925],[171.85432,-42.73477],[171.85214,-42.73405],[171.85056,-42.73581],[171.84317,-42.73791],[171.8296,-42.73991],[171.82806,-42.74081],[171.82684,-42.74053],[171.8267,-42.74133],[171.82454,-42.74156],[171.81888,-42.74499],[171.80901,-42.74692],[171.8036,-42.74942],[171.77802,-42.75381],[171.77047,-42.7574],[171.76433,-42.75935],[171.75248,-42.7604],[171.74785,-42.76175],[171.74004,-42.75881],[171.73267,-42.7577],[171.73095,-42.76032],[171.72359,-42.76208],[171.71646,-42.76148],[171.71147,-42.7619],[171.69503,-42.75941],[171.69008,-42.76214],[171.68578,-42.76346],[171.67915,-42.76384],[171.6699,-42.76299],[171.66453,-42.76505],[171.66034,-42.76552],[171.65392,-42.76519],[171.64871,-42.76359],[171.6475,-42.7644],[171.64378,-42.76474],[171.64075,-42.764],[171.63816,-42.76452],[171.6358,-42.76845],[171.63263,-42.77769],[171.62992,-42.78162],[171.61884,-42.7867],[171.61041,-42.7884],[171.60558,-42.78811],[171.60371,-42.78869],[171.60875,-42.79669],[171.61183,-42.79887],[171.62714,-42.81468],[171.62767,-42.81913],[171.63016,-42.82234],[171.62967,-42.83224],[171.62845,-42.83496],[171.62518,-42.83793],[171.62355,-42.84307],[171.62385,-42.84518],[171.62154,-42.84918],[171.62081,-42.85444],[171.6226,-42.86135],[171.62181,-42.86497],[171.61514,-42.87658],[171.61853,-42.8921],[171.62061,-42.89582],[171.62463,-42.89808],[171.6253,-42.89919],[171.6247,-42.90088],[171.62595,-42.90493],[171.62461,-42.90871],[171.62776,-42.91512],[171.62783,-42.91741],[171.63001,-42.92059],[171.62878,-42.9264],[171.62555,-42.93145],[171.62283,-42.93927],[171.62354,-42.94131],[171.61298,-42.95339],[171.60279,-42.97177],[171.59529,-42.97571],[171.59277,-42.97843],[171.59348,-42.98067],[171.59166,-42.9893],[171.58929,-42.99309],[171.58957,-43.00124],[171.5912,-43.00488],[171.59825,-43.0133],[171.60826,-43.02145],[171.61419,-43.02369],[171.62672,-43.02504],[171.63412,-43.02995],[171.6423,-43.02728],[171.64728,-43.02797],[171.64608,-43.03427],[171.64163,-43.03872],[171.63599,-43.03945],[171.63948,-43.04423],[171.63352,-43.04276],[171.62487,-43.04439],[171.61048,-43.04328],[171.59962,-43.04672],[171.59914,-43.04758],[171.60444,-43.05927],[171.60456,-43.06304],[171.60285,-43.06552],[171.60682,-43.07161],[171.60628,-43.07652],[171.6082,-43.08114],[171.60728,-43.08472],[171.60966,-43.08718],[171.60746,-43.09062],[171.6088,-43.09297],[171.60701,-43.09954],[171.60752,-43.10362],[171.61078,-43.10996],[171.61609,-43.11266],[171.61657,-43.11635],[171.61856,-43.11866],[171.62013,-43.11899],[171.6192,-43.1212],[171.62161,-43.12274],[171.62224,-43.12538],[171.62336,-43.12548],[171.62297,-43.12733],[171.62406,-43.12828],[171.62328,-43.13085],[171.62472,-43.13343],[171.61916,-43.14043],[171.61739,-43.14482],[171.60869,-43.15249],[171.60586,-43.15751],[171.6024,-43.15977],[171.60192,-43.16155],[171.59824,-43.16283],[171.59633,-43.16422],[171.59508,-43.16657],[171.5908,-43.16838],[171.58861,-43.17058],[171.58351,-43.17344],[171.56925,-43.17832],[171.56406,-43.17809],[171.56154,-43.17915],[171.54971,-43.18123],[171.54445,-43.18468],[171.54359,-43.18325],[171.54211,-43.18326],[171.54235,-43.18655],[171.53747,-43.19124],[171.53494,-43.1923],[171.52669,-43.19934],[171.50823,-43.20224],[171.50172,-43.20185],[171.49853,-43.20235],[171.49284,-43.20439],[171.49233,-43.20558],[171.47789,-43.2127],[171.47097,-43.21462],[171.4658,-43.21516],[171.45741,-43.2181],[171.45884,-43.21928],[171.45891,-43.2219],[171.46116,-43.21803],[171.46809,-43.21797],[171.47275,-43.21882],[171.47794,-43.22322],[171.48565,-43.22671],[171.49966,-43.232],[171.50435,-43.23213],[171.50893,-43.23362],[171.51235,-43.23619],[171.51385,-43.23896],[171.51674,-43.2408],[171.51795,-43.24406],[171.52246,-43.24476],[171.52625,-43.24753],[171.53082,-43.24899],[171.53377,-43.25081],[171.53631,-43.25554],[171.53493,-43.26246],[171.53796,-43.26777],[171.5418,-43.27045],[171.54302,-43.27313],[171.54265,-43.27576],[171.54132,-43.27732],[171.54405,-43.2791],[171.54364,-43.28217],[171.5453,-43.28488],[171.54575,-43.28817],[171.54405,-43.29185],[171.54767,-43.29553],[171.54817,-43.29723],[171.54687,-43.29811],[171.55095,-43.29986],[171.5548,-43.30635],[171.55809,-43.30676],[171.56004,-43.30895],[171.56171,-43.30954],[171.56193,-43.31148],[171.56453,-43.31394],[171.56822,-43.32092],[171.57112,-43.32107],[171.57261,-43.32196],[171.57543,-43.32683],[171.57894,-43.33071],[171.58802,-43.33478],[171.59205,-43.33849],[171.59247,-43.34553],[171.58942,-43.34726],[171.58958,-43.35192],[171.57755,-43.35009],[171.57158,-43.34839],[171.56843,-43.34883],[171.56562,-43.3503],[171.56473,-43.35193],[171.55999,-43.35141],[171.55434,-43.34965],[171.55405,-43.35046],[171.55519,-43.35134],[171.55456,-43.35677],[171.55376,-43.35723],[171.54885,-43.35818],[171.54673,-43.36006],[171.54396,-43.36028],[171.5413,-43.36169],[171.5343,-43.36073],[171.53279,-43.35953],[171.53161,-43.36276],[171.52836,-43.36388],[171.38482,-43.31897],[171.38441,-43.32087],[171.38204,-43.32322],[171.38043,-43.32661],[171.37631,-43.33039],[171.37488,-43.33426],[171.37018,-43.3376],[171.36833,-43.34323],[171.36873,-43.34541],[171.36711,-43.34916],[171.36746,-43.3517],[171.36646,-43.35155],[171.36785,-43.35549],[171.36907,-43.35596],[171.36806,-43.35695],[171.36927,-43.35679],[171.36822,-43.35812],[171.36934,-43.35813],[171.36793,-43.35894],[171.3685,-43.36119],[171.37218,-43.36253],[171.37509,-43.36264],[171.37467,-43.36627],[171.37558,-43.36978],[171.37389,-43.3714],[171.37165,-43.37667],[171.36876,-43.37828],[171.37125,-43.38541],[171.36865,-43.38637],[171.36941,-43.38739],[171.36715,-43.38788],[171.3677,-43.38937],[171.36237,-43.39962],[171.36269,-43.41611],[171.36406,-43.41748],[171.36369,-43.41882],[171.36657,-43.4186],[171.36245,-43.42202],[171.36572,-43.42341],[171.36712,-43.4301],[171.36017,-43.42966],[171.35946,-43.42831],[171.35336,-43.42573],[171.35037,-43.4227],[171.34443,-43.4219],[171.34207,-43.42028],[171.3421,-43.41926],[171.33787,-43.41924],[171.33504,-43.42047],[171.33079,-43.42446],[171.32604,-43.42639],[171.32183,-43.42754],[171.31824,-43.42723],[171.31529,-43.42838],[171.30855,-43.42913],[171.30544,-43.43239],[171.29707,-43.43671],[171.29405,-43.44284],[171.29198,-43.44371],[171.29114,-43.44339],[171.28663,-43.44723],[171.2826,-43.44865],[171.27912,-43.4482],[171.278,-43.44876],[171.27618,-43.45299],[171.27758,-43.4559],[171.26775,-43.46169],[171.26754,-43.4629],[171.26418,-43.46578],[171.26409,-43.46737],[171.2598,-43.47112],[171.25957,-43.47357],[171.25734,-43.47598],[171.25691,-43.47888],[171.2532,-43.482],[171.2519,-43.48433],[171.2526,-43.49193],[171.24821,-43.49606],[171.25145,-43.51799],[171.24786,-43.52239],[171.24752,-43.52756],[171.24787,-43.52888],[171.24938,-43.52954],[171.24937,-43.53299],[171.25161,-43.53487],[171.24931,-43.53794],[171.24995,-43.54842],[171.24633,-43.55088],[171.246,-43.55196],[171.23716,-43.55331],[171.22893,-43.55559],[171.22366,-43.55349],[171.21761,-43.55236],[171.21427,-43.55467],[171.21103,-43.55344],[171.2082,-43.54959],[171.20576,-43.54956],[171.20318,-43.55244],[171.19752,-43.55463],[171.19145,-43.56046],[171.18748,-43.56798],[171.1867,-43.5715],[171.18429,-43.57434],[171.18375,-43.57729],[171.17641,-43.57962],[171.16329,-43.58117],[171.16036,-43.58501],[171.15426,-43.58812],[171.13493,-43.58578],[171.12287,-43.58248],[171.11084,-43.58173],[171.1066,-43.58268],[171.10504,-43.58135],[171.10262,-43.58071],[171.09976,-43.57695],[171.09465,-43.57493],[171.09037,-43.57617],[171.08623,-43.57529],[171.07268,-43.57586],[171.06615,-43.57475],[171.06466,-43.57579],[171.0541,-43.57882],[171.04932,-43.58304],[171.04432,-43.58596],[171.04015,-43.58703],[171.0377,-43.59143],[171.03381,-43.59297],[171.03083,-43.59517],[171.02277,-43.59657],[171.01652,-43.59528],[171.00466,-43.59005],[171.0008,-43.58464],[170.99473,-43.58031],[170.99481,-43.57701],[170.9924,-43.57331],[170.98557,-43.57206],[170.96982,-43.57771],[170.96684,-43.57681],[170.96063,-43.57763],[170.95368,-43.57723],[170.89476,-43.62305],[170.88107,-43.62439],[170.87816,-43.62319],[170.87457,-43.6252],[170.87077,-43.62544],[170.86542,-43.62753],[170.86104,-43.62577],[170.85618,-43.62484],[170.84856,-43.62606],[170.84665,-43.62557],[170.84357,-43.62624],[170.83842,-43.62556],[170.83575,-43.62594],[170.83446,-43.62533],[170.83521,-43.62438],[170.83462,-43.62393],[170.82374,-43.62309],[170.82179,-43.62212],[170.81808,-43.62299],[170.80844,-43.62246],[170.80706,-43.62336],[170.80436,-43.62262],[170.80375,-43.62348],[170.80107,-43.62353],[170.79929,-43.62496],[170.79676,-43.62421],[170.79613,-43.62318],[170.79304,-43.62305],[170.7893,-43.6241],[170.78165,-43.62211],[170.77805,-43.62268],[170.76984,-43.62663],[170.76754,-43.62925],[170.7676,-43.63399],[170.76328,-43.63844],[170.76304,-43.63997],[170.76518,-43.64588],[170.76434,-43.64745],[170.76569,-43.65244],[170.76953,-43.65621],[170.7687,-43.66263],[170.76603,-43.66605],[170.76774,-43.66897],[170.76665,-43.67125],[170.76814,-43.6763],[170.76751,-43.68233],[170.76906,-43.68273],[170.76942,-43.6848],[170.7713,-43.68463],[170.76972,-43.68938],[170.77155,-43.69184],[170.7717,-43.69447],[170.76694,-43.69683],[170.75823,-43.70526],[170.7531,-43.70716],[170.75187,-43.71003],[170.7452,-43.71255],[170.74138,-43.7154],[170.73684,-43.71932],[170.7341,-43.72583],[170.73246,-43.72686],[170.72952,-43.72766],[170.7216,-43.72675],[170.71565,-43.72387],[170.71302,-43.72162],[170.70612,-43.71867],[170.7046,-43.71717],[170.69124,-43.72064],[170.68921,-43.72],[170.68668,-43.72066],[170.6814,-43.71907],[170.67044,-43.72765],[170.66863,-43.73079],[170.66182,-43.73516],[170.65641,-43.7399],[170.64023,-43.76144],[170.6391,-43.77769],[170.64198,-43.78576],[170.64539,-43.78875],[170.6462,-43.79187],[170.64921,-43.79402],[170.65095,-43.79984],[170.65507,-43.80268],[170.65638,-43.80883],[170.65329,-43.81109],[170.64893,-43.81251],[170.64528,-43.81594],[170.639,-43.81867],[170.63721,-43.82065],[170.63566,-43.82685],[170.63696,-43.82929],[170.634,-43.83121],[170.63273,-43.84002],[170.6276,-43.85414],[170.62645,-43.85486],[170.62646,-43.85997],[170.62492,-43.86103],[170.62492,-43.8684],[170.62245,-43.87128],[170.62196,-43.87471],[170.62097,-43.87561],[170.62218,-43.87715],[170.62195,-43.87838],[170.62025,-43.88063],[170.61905,-43.88602],[170.61751,-43.88752],[170.61584,-43.89256],[170.61366,-43.89306],[170.60934,-43.89717],[170.60794,-43.89758],[170.60011,-43.89761],[170.58022,-43.89976],[170.56419,-43.91029],[170.56131,-43.91067],[170.55979,-43.90999],[170.56043,-43.91136],[170.55741,-43.91368],[170.55965,-43.92162],[170.55995,-43.92925],[170.55896,-43.93325],[170.55218,-43.93991],[170.55081,-43.95552],[170.54771,-43.96002],[170.54313,-43.96348],[170.53835,-43.96566],[170.53166,-43.96587],[170.52934,-43.96446],[170.52315,-43.9641],[170.51762,-43.96697],[170.51447,-43.96963],[170.51064,-43.97837],[170.50182,-43.9914],[170.50026,-43.99233],[170.49873,-43.99879],[170.49886,-44.00394],[170.49777,-44.00522],[170.49348,-44.00725],[170.48832,-44.00608],[170.48254,-44.00289],[170.48185,-44.00491],[170.47938,-44.00502],[170.47814,-44.00432],[170.47721,-44.00482],[170.47627,-44.00396],[170.47225,-44.01072],[170.47328,-44.01412],[170.47101,-44.01497],[170.46964,-44.01341],[170.46615,-44.01297],[170.4599,-44.01593],[170.44249,-44.03744],[170.43041,-44.04928],[170.42775,-44.05602],[170.42639,-44.06502],[170.425,-44.06662],[170.4232,-44.06721],[170.35242,-44.07107],[170.34577,-44.0739],[170.32103,-44.07887],[170.31076,-44.08159],[170.30241,-44.08129],[170.29492,-44.07847],[170.29148,-44.07581],[170.27947,-44.07431],[170.27649,-44.0751],[170.27291,-44.07766],[170.25684,-44.08131],[170.25291,-44.08299],[170.24667,-44.08711],[170.24945,-44.08884],[170.24931,-44.09164],[170.25185,-44.09485],[170.25096,-44.09674],[170.25105,-44.10109],[170.25255,-44.10355],[170.25384,-44.11265],[170.25501,-44.11391],[170.25316,-44.11652],[170.25503,-44.12549],[170.254,-44.12955],[170.25166,-44.13165],[170.24678,-44.13251],[170.2459,-44.13388],[170.23907,-44.13459],[170.23685,-44.13583],[170.23529,-44.13843],[170.23106,-44.13848],[170.2284,-44.13973],[170.22905,-44.14748],[170.22684,-44.15001],[170.22748,-44.15133],[170.22628,-44.15199],[170.22577,-44.15489],[170.22245,-44.15683],[170.22023,-44.16184],[170.21748,-44.16363],[170.21491,-44.16384],[170.20655,-44.17004],[170.20486,-44.17484],[170.2024,-44.17678],[170.19622,-44.17641],[170.1946,-44.17864],[170.18976,-44.18195],[170.18848,-44.18056],[170.18587,-44.18032],[170.18222,-44.17725],[170.17462,-44.17456],[170.15901,-44.17566],[170.15697,-44.17636],[170.1558,-44.17826],[170.15629,-44.18067],[170.15115,-44.18286],[170.1514,-44.18686],[170.14196,-44.19078],[170.1433,-44.19158],[170.1441,-44.19453],[170.14635,-44.19588],[170.14516,-44.20184],[170.14652,-44.20192],[170.14664,-44.20283],[170.14869,-44.20372],[170.14673,-44.20445],[170.14944,-44.20697],[170.15007,-44.20995],[170.14621,-44.21362],[170.13892,-44.2165],[170.13549,-44.22094],[170.13412,-44.22779],[170.13777,-44.23622],[170.13297,-44.23946],[170.1335,-44.24292],[170.12786,-44.24941],[170.12434,-44.25168],[170.11989,-44.25361],[170.11641,-44.2536],[170.10763,-44.25692],[170.10498,-44.26009],[170.09801,-44.27495],[170.08947,-44.28241],[170.08434,-44.29015],[170.08145,-44.28802],[170.0694,-44.28484],[170.06244,-44.28437],[170.0591,-44.28268],[170.04822,-44.28263],[170.04731,-44.28171],[170.04827,-44.27961],[170.04726,-44.27855],[170.042,-44.27655],[170.03738,-44.27237],[170.03544,-44.27172],[170.01868,-44.27329],[170.01402,-44.27257],[170.00826,-44.26956],[170.00173,-44.27079],[169.99788,-44.26838],[169.99803,-44.26637],[169.99439,-44.26644],[169.99061,-44.26389],[169.98731,-44.26304],[169.98555,-44.26393],[169.98394,-44.26706],[169.98019,-44.27104],[169.9799,-44.27458],[169.97727,-44.27751],[169.9728,-44.27723],[169.97219,-44.27631],[169.97065,-44.27603],[169.96272,-44.27916],[169.95973,-44.28125],[169.95848,-44.28414],[169.95713,-44.28484],[169.95189,-44.28592],[169.94328,-44.2861],[169.93869,-44.28479],[169.93268,-44.29089],[169.92636,-44.29147],[169.92422,-44.29318],[169.91779,-44.29196],[169.91435,-44.29484],[169.91024,-44.29355],[169.90718,-44.29134],[169.90372,-44.29116],[169.90033,-44.29223],[169.8991,-44.29343],[169.89877,-44.29621],[169.8949,-44.29658],[169.89233,-44.29487],[169.89322,-44.29217],[169.89238,-44.29091],[169.88091,-44.28361],[169.87929,-44.28373],[169.87644,-44.28594],[169.87236,-44.28722],[169.86325,-44.2875],[169.85791,-44.28672],[169.85169,-44.28232],[169.85233,-44.27517],[169.85058,-44.27131],[169.84581,-44.26919],[169.84465,-44.26666],[169.84198,-44.26401],[169.84241,-44.26334],[169.83958,-44.26109],[169.83502,-44.25945],[169.83205,-44.25696],[169.82583,-44.25406],[169.82298,-44.25672],[169.8193,-44.25757],[169.81733,-44.25697],[169.81894,-44.25846],[169.81782,-44.26068],[169.81877,-44.26165],[169.81819,-44.26195],[169.81614,-44.2613],[169.81533,-44.25993],[169.81329,-44.2608],[169.80977,-44.26072],[169.80763,-44.26701],[169.80656,-44.2736],[169.80728,-44.27449],[169.80055,-44.27308],[169.797,-44.27151],[169.79346,-44.27174],[169.78386,-44.27451],[169.77813,-44.27507],[169.77344,-44.2747],[169.76666,-44.2771],[169.76533,-44.27981],[169.76121,-44.28398],[169.76073,-44.28656],[169.7622,-44.29259],[169.76132,-44.29646],[169.75974,-44.30046],[169.75637,-44.30239],[169.75439,-44.31569],[169.75122,-44.32418],[169.75114,-44.32969],[169.75341,-44.33347],[169.75472,-44.33837],[169.75384,-44.3462],[169.74498,-44.37112],[169.74193,-44.37573],[169.73659,-44.38053],[169.73141,-44.38426],[169.72073,-44.38847],[169.71,-44.3959],[169.69102,-44.40696],[169.6852,-44.40861],[169.68191,-44.40823],[169.68018,-44.40653],[169.68084,-44.40997],[169.6853,-44.41508],[169.6743,-44.42168],[169.66759,-44.42727],[169.66771,-44.42872],[169.65897,-44.42973],[169.65315,-44.43311],[169.65033,-44.43369],[169.64447,-44.43723],[169.64074,-44.43855],[169.64148,-44.43922],[169.63303,-44.43846],[169.62934,-44.43709],[169.62109,-44.4373],[169.61835,-44.43686],[169.61347,-44.43437],[169.61061,-44.43478],[169.60802,-44.43615],[169.60276,-44.43694],[169.59573,-44.44556],[169.59064,-44.44926],[169.58807,-44.44988],[169.58224,-44.44832],[169.58429,-44.44645],[169.58289,-44.444],[169.58479,-44.44423],[169.57907,-44.4407],[169.57786,-44.4384],[169.56952,-44.42967],[169.55849,-44.42984],[169.55743,-44.4292],[169.5583,-44.42803],[169.55476,-44.42745],[169.55257,-44.4259],[169.5514,-44.42694],[169.54991,-44.42675],[169.54942,-44.4259],[169.54849,-44.42753],[169.54548,-44.4296],[169.54441,-44.4298],[169.54519,-44.42853],[169.54044,-44.4284],[169.5415,-44.42892],[169.54039,-44.43211],[169.54099,-44.43704],[169.5382,-44.43578],[169.53624,-44.43781],[169.52551,-44.44321],[169.52401,-44.44493],[169.52264,-44.45182],[169.52118,-44.45461],[169.51826,-44.4575],[169.50844,-44.46245],[169.50687,-44.46589],[169.50172,-44.4705],[169.50092,-44.47381],[169.50182,-44.47423],[169.50257,-44.47732],[169.50154,-44.47985],[169.50222,-44.48173],[169.49949,-44.4835],[169.49803,-44.48731],[169.49588,-44.48839],[169.49504,-44.49026],[169.49196,-44.49284],[169.48975,-44.49724],[169.48992,-44.50061],[169.48791,-44.50358],[169.48459,-44.51321],[169.48315,-44.51387],[169.48323,-44.51578],[169.47924,-44.52103],[169.47735,-44.52123],[169.47399,-44.52349],[169.47204,-44.52324],[169.47226,-44.52505],[169.47017,-44.52477],[169.46823,-44.52621],[169.46388,-44.52601],[169.46117,-44.52702],[169.45803,-44.52536],[169.45384,-44.5255],[169.45218,-44.52622],[169.44975,-44.52538],[169.44695,-44.52597],[169.4439,-44.52769],[169.4406,-44.52759],[169.43645,-44.52862],[169.43538,-44.52818],[169.43298,-44.53093],[169.43426,-44.53115],[169.4334,-44.53179],[169.43453,-44.53281],[169.43381,-44.53385],[169.43899,-44.53881],[169.43677,-44.54354],[169.4345,-44.54473],[169.42979,-44.54397],[169.42878,-44.54575],[169.42985,-44.54668],[169.42889,-44.54748],[169.43079,-44.54925],[169.43047,-44.54985],[169.42653,-44.5498],[169.42669,-44.55187],[169.42565,-44.55307],[169.40939,-44.56099],[169.40065,-44.55987],[169.38585,-44.5617],[169.38493,-44.56056],[169.38552,-44.55977],[169.38069,-44.5579],[169.37706,-44.55761],[169.37284,-44.5593],[169.37289,-44.56045],[169.36302,-44.56091],[169.3595,-44.56215],[169.35673,-44.56223],[169.35745,-44.5629],[169.35696,-44.5648],[169.35542,-44.56675],[169.35697,-44.57391],[169.35423,-44.57711],[169.35342,-44.58037],[169.34983,-44.58351],[169.34749,-44.58446],[169.34419,-44.58456],[169.34186,-44.58674],[169.33679,-44.5878],[169.3289,-44.58625],[169.32673,-44.58698],[169.3255,-44.58544],[169.32349,-44.58484],[169.32363,-44.58416],[169.32166,-44.58476],[169.32,-44.58573],[169.31833,-44.59256],[169.31395,-44.59372],[169.3101,-44.59703],[169.30834,-44.59646],[169.30675,-44.59775],[169.30786,-44.59903],[169.30682,-44.60069],[169.30588,-44.59997],[169.3024,-44.60327],[169.29697,-44.60597],[169.29722,-44.60696],[169.29604,-44.60647],[169.28673,-44.60974],[169.28426,-44.60919],[169.27068,-44.61052],[169.2631,-44.60938],[169.26258,-44.61061],[169.25636,-44.61046],[169.25288,-44.60928],[169.25192,-44.61101],[169.25283,-44.61834],[169.25165,-44.61748],[169.25159,-44.61813],[169.252,-44.62083],[169.25429,-44.62487],[169.25512,-44.63123],[169.25296,-44.63505],[169.24965,-44.63607],[169.24467,-44.64169],[169.24577,-44.64439],[169.24557,-44.64901],[169.24705,-44.65197],[169.2458,-44.65758],[169.24593,-44.6632],[169.2446,-44.66554],[169.24037,-44.66792],[169.23386,-44.67051],[169.22551,-44.67229],[169.21629,-44.67149],[169.215,-44.6719],[169.20726,-44.67023],[169.20588,-44.67228],[169.20172,-44.67224],[169.20124,-44.673],[169.19793,-44.67332],[169.19591,-44.67442],[169.19114,-44.67915],[169.19035,-44.68167],[169.18711,-44.68033],[169.18685,-44.67828],[169.18763,-44.67771],[169.18431,-44.67261],[169.17276,-44.67081],[169.16606,-44.669],[169.16172,-44.66874],[169.15738,-44.66484],[169.14461,-44.66378],[169.13825,-44.66192],[169.13064,-44.6575],[169.12946,-44.65859],[169.12209,-44.66039],[169.12334,-44.6635],[169.12204,-44.66699],[169.12285,-44.6699],[169.12133,-44.67211],[169.12464,-44.67399],[169.12669,-44.67681],[169.12521,-44.67973],[169.12352,-44.68075],[169.11948,-44.68065],[169.12092,-44.68218],[169.12339,-44.68277],[169.12741,-44.68548],[169.12853,-44.68791],[169.13392,-44.69074],[169.13575,-44.69298],[169.12947,-44.69777],[169.12047,-44.70001],[169.11923,-44.69996],[169.11584,-44.69779],[169.11112,-44.69245],[169.1057,-44.69023],[169.10001,-44.68903],[169.09752,-44.68698],[169.09683,-44.68756],[169.09424,-44.68683],[169.08963,-44.68411],[169.08803,-44.67923],[169.08822,-44.6765],[169.08648,-44.67411],[169.0852,-44.66966],[169.08147,-44.66679],[169.08075,-44.6624],[169.07699,-44.66027],[169.0761,-44.66048],[169.07422,-44.65542],[169.07255,-44.65423],[169.06984,-44.65834],[169.06693,-44.65941],[169.06299,-44.6577],[169.06238,-44.65554],[169.05567,-44.65313],[169.04895,-44.65466],[169.04369,-44.65716],[169.03685,-44.65802],[169.03461,-44.65921],[169.03253,-44.6623],[169.03156,-44.66591],[169.03236,-44.6683],[169.03346,-44.66894],[169.03294,-44.67026],[169.02841,-44.67365],[169.02595,-44.67388],[169.02416,-44.675],[169.01485,-44.67377],[169.01095,-44.67236],[169.00544,-44.67341],[168.99919,-44.6827],[168.99167,-44.68944],[168.9896,-44.69007],[168.98736,-44.69369],[168.98522,-44.69527],[168.98226,-44.70382],[168.97954,-44.70654],[168.98249,-44.71204],[168.98523,-44.71363],[168.98919,-44.72129],[168.98925,-44.72633],[168.98741,-44.72907],[168.98746,-44.73189],[168.98509,-44.73476],[168.98411,-44.73782],[168.98512,-44.73904],[168.98324,-44.74132],[168.9752,-44.74618],[168.974,-44.74879],[168.97056,-44.7517],[168.96443,-44.75488],[168.96183,-44.75759],[168.95724,-44.75952],[168.95519,-44.76317],[168.95259,-44.76545],[168.95006,-44.76643],[168.9493,-44.76937],[168.94739,-44.7702],[168.94591,-44.7694],[168.94547,-44.77224],[168.9422,-44.77123],[168.94173,-44.77411],[168.93823,-44.76843],[168.93596,-44.76755],[168.92867,-44.76907],[168.92581,-44.77256],[168.92353,-44.77384],[168.9219,-44.77283],[168.92051,-44.77333],[168.91742,-44.77252],[168.91655,-44.77452],[168.91353,-44.7763],[168.90814,-44.7755],[168.90584,-44.77391],[168.90267,-44.77701],[168.90033,-44.7778],[168.89946,-44.77935],[168.8979,-44.77731],[168.89578,-44.77786],[168.89738,-44.78471],[168.89631,-44.78574],[168.89379,-44.78681],[168.89053,-44.7867],[168.88552,-44.78877],[168.88037,-44.79252],[168.8767,-44.7971],[168.87317,-44.79782],[168.87062,-44.80043],[168.86886,-44.80015],[168.86285,-44.80418],[168.86532,-44.80488],[168.86558,-44.80668],[168.86404,-44.80618],[168.86236,-44.81052],[168.86106,-44.81977],[168.85972,-44.81993],[168.85993,-44.82095],[168.8554,-44.82587],[168.84926,-44.82597],[168.84719,-44.82816],[168.8471,-44.82955],[168.84433,-44.83135],[168.83924,-44.83385],[168.83698,-44.83311],[168.83342,-44.8362],[168.83111,-44.84133],[168.82844,-44.84366],[168.82516,-44.84427],[168.82269,-44.84798],[168.82112,-44.85452],[168.81951,-44.85502],[168.82128,-44.85545],[168.82184,-44.85689],[168.81797,-44.85808],[168.81731,-44.85918],[168.81831,-44.85964],[168.81971,-44.86331],[168.81828,-44.86469],[168.81684,-44.86437],[168.82138,-44.86736],[168.82761,-44.87432],[168.82709,-44.87624],[168.82956,-44.8794],[168.83141,-44.88068],[168.8331,-44.88047],[168.83476,-44.88128],[168.83476,-44.88239],[168.83245,-44.88388],[168.83652,-44.88561],[168.83249,-44.88715],[168.82974,-44.88914],[168.82786,-44.89598],[168.8302,-44.89753],[168.83121,-44.89743],[168.83441,-44.9008],[168.83791,-44.90271],[168.83731,-44.9039],[168.83992,-44.9094],[168.83935,-44.91091],[168.83654,-44.91145],[168.83326,-44.91144],[168.83171,-44.91028],[168.83052,-44.91284],[168.82918,-44.91181],[168.82625,-44.91136],[168.82826,-44.91516],[168.82758,-44.91574],[168.82545,-44.91541],[168.82487,-44.91717],[168.82091,-44.91941],[168.82106,-44.92507],[168.82017,-44.92672],[168.81906,-44.92615],[168.81744,-44.93325],[168.81908,-44.93453],[168.82052,-44.93753],[168.82898,-44.93697],[168.82962,-44.9383],[168.83063,-44.93834],[168.83069,-44.93951],[168.82872,-44.93953],[168.82587,-44.93838],[168.82152,-44.93889],[168.8184,-44.94302],[168.82035,-44.94513],[168.81407,-44.94795],[168.80839,-44.94535],[168.80251,-44.94725],[168.80643,-44.96076],[168.80454,-44.96094],[168.80366,-44.96332],[168.80752,-44.9635],[168.8083,-44.96686],[168.80649,-44.96755],[168.80337,-44.97749],[168.79624,-44.98562],[168.79655,-44.98984],[168.79863,-44.99165],[168.79866,-44.99327],[168.79191,-44.99534],[168.7885,-44.9985],[168.78429,-45.00086],[168.78355,-45.00226],[168.7847,-45.00361],[168.78816,-45.00308],[168.79191,-45.00507],[168.79389,-45.00519],[168.79414,-45.0066],[168.79241,-45.00773],[168.79224,-45.00999],[168.78343,-45.011],[168.77717,-45.01309],[168.77389,-45.013],[168.76402,-45.00645],[168.75998,-45.00111],[168.76024,-44.99673],[168.75746,-44.99648],[168.75664,-44.99759],[168.75663,-45.00229],[168.75313,-45.00502],[168.75344,-45.00732],[168.75023,-45.00712],[168.74708,-45.01029],[168.74573,-45.0094],[168.7395,-45.01334],[168.73555,-45.01447],[168.73636,-45.01759],[168.73325,-45.01958],[168.73165,-45.01896],[168.73027,-45.01982],[168.72807,-45.01966],[168.72269,-45.01668],[168.71773,-45.01747],[168.71592,-45.01882],[168.70628,-45.02084],[168.69489,-45.02657],[168.69081,-45.0277],[168.68131,-45.03445],[168.67129,-45.03666],[168.669,-45.0358],[168.66653,-45.03586],[168.66268,-45.03702],[168.65922,-45.03999],[168.65704,-45.03896],[168.65738,-45.03803],[168.66265,-45.03447],[168.65969,-45.03225],[168.35864,-44.92474],[168.35634,-44.92854],[168.34777,-44.92777],[168.34646,-44.92825],[168.34468,-44.93242],[168.34522,-44.93477],[168.3424,-44.93656],[168.33659,-44.93489],[168.33454,-44.93371],[168.33336,-44.93184],[168.32855,-44.93244],[168.32662,-44.93095],[168.32468,-44.9312],[168.32139,-44.93293],[168.31951,-44.93859],[168.31456,-44.94331],[168.31132,-44.94375],[168.30985,-44.94522],[168.30776,-44.94434],[168.30475,-44.94519],[168.30182,-44.94467],[168.29053,-44.94767],[168.28641,-44.94751],[168.28641,-44.94909],[168.28243,-44.9501],[168.27927,-44.95233],[168.27961,-44.95545],[168.2757,-44.95829],[168.27296,-44.95773],[168.272,-44.95993],[168.27295,-44.96008],[168.27337,-44.96154],[168.27059,-44.96201],[168.27112,-44.96272],[168.27003,-44.96395],[168.26804,-44.96598],[168.26697,-44.96608],[168.26583,-44.97194],[168.26237,-44.97686],[168.25908,-44.97826],[168.2583,-44.97941],[168.26178,-44.97879],[168.26233,-44.97925],[168.26075,-44.97966],[168.25905,-44.98163],[168.25198,-44.9862],[168.24894,-44.98928],[168.24977,-44.99149],[168.24901,-44.99338],[168.24822,-44.99439],[168.2463,-44.99485],[168.24858,-44.9993],[168.24653,-45.00242],[168.24732,-45.00713],[168.24625,-45.01585],[168.24424,-45.0204],[168.24112,-45.02317],[168.24122,-45.02925],[168.2429,-45.03083],[168.23984,-45.03501],[168.23152,-45.04212],[168.22979,-45.04609],[168.22121,-45.05186],[168.2194,-45.05505],[168.22524,-45.06736],[168.22391,-45.07047],[168.22076,-45.07228],[168.22136,-45.07754],[168.21959,-45.08737],[168.21972,-45.09274],[168.21815,-45.09742],[168.21578,-45.09956],[168.21253,-45.10779],[168.2104,-45.11027],[168.21093,-45.11246],[168.20973,-45.11499],[168.2028,-45.11942],[168.19908,-45.12348],[168.19359,-45.12667],[168.19221,-45.12842],[168.1867,-45.13044],[168.18356,-45.13254],[168.17841,-45.13883],[168.17765,-45.14015],[168.17925,-45.14156],[168.18069,-45.14099],[168.18202,-45.14409],[168.17915,-45.14911],[168.1774,-45.15598],[168.16878,-45.16223],[168.16873,-45.16558],[168.16998,-45.16776],[168.1661,-45.17266],[168.16222,-45.18011],[168.16213,-45.18194],[168.16512,-45.18561],[168.16559,-45.18847],[168.16843,-45.19037],[168.16899,-45.19407],[168.17199,-45.19767],[168.1717,-45.20962],[168.17636,-45.21459],[168.18104,-45.22776],[168.18047,-45.2369],[168.17837,-45.24105],[168.17874,-45.24539],[168.17646,-45.25022],[168.17678,-45.25475],[168.17393,-45.26459],[168.17412,-45.26989],[168.17087,-45.27567],[168.17147,-45.27666],[168.17,-45.27741],[168.17356,-45.28284],[168.17145,-45.28992],[168.16902,-45.29224],[168.1723,-45.29584],[168.16906,-45.30081],[168.1703,-45.30647],[168.16901,-45.30806],[168.16941,-45.30995],[168.17161,-45.31266],[168.1763,-45.31331],[168.17855,-45.31576],[168.17827,-45.31905],[168.17563,-45.31913],[168.17493,-45.32024],[168.17558,-45.32174],[168.17348,-45.32382],[168.17063,-45.32391],[168.16895,-45.32201],[168.16583,-45.32197],[168.16078,-45.32052],[168.15731,-45.32258],[168.15562,-45.32562],[168.14971,-45.32952],[168.14677,-45.33053],[168.14382,-45.33304],[168.1389,-45.33437],[168.13596,-45.33622],[168.13352,-45.33837],[168.13211,-45.34128],[168.13349,-45.3431],[168.1296,-45.34479],[168.12034,-45.35317],[168.11169,-45.35659],[168.10919,-45.35882],[168.10557,-45.36041],[168.1008,-45.36126],[168.09863,-45.36262],[168.0955,-45.36284],[168.09477,-45.36578],[168.09075,-45.36626],[168.08957,-45.36863],[168.08672,-45.37053],[168.0868,-45.37686],[168.08402,-45.3784],[168.0842,-45.37972],[168.08013,-45.38377],[168.07723,-45.38515],[168.07669,-45.38724],[168.0748,-45.3888],[168.07796,-45.39558],[168.07311,-45.399],[168.07082,-45.40559],[168.07541,-45.40953],[168.07573,-45.4141],[168.07368,-45.41727],[168.07569,-45.4193],[168.07577,-45.42152],[168.07458,-45.42283],[168.07528,-45.42434],[168.07455,-45.42657],[168.07208,-45.43093],[168.06685,-45.43405],[168.06424,-45.43932],[168.06149,-45.44222],[168.06123,-45.445],[168.06241,-45.44718],[168.06143,-45.44973],[168.06469,-45.45297],[168.06324,-45.46075],[168.06125,-45.46467],[168.05425,-45.46965],[168.05222,-45.47572],[168.05015,-45.47856],[168.04581,-45.48174],[168.01664,-45.49567],[168.00437,-45.49933],[167.99446,-45.50428],[167.98474,-45.50578],[167.97529,-45.51051],[167.96725,-45.52183],[167.95995,-45.52732],[167.96495,-45.53881],[167.9576,-45.53933],[167.93505,-45.54536],[167.93815,-45.55539],[167.94343,-45.56095],[167.94376,-45.56272],[167.94627,-45.56567],[167.94838,-45.56609],[167.94914,-45.5679],[167.94535,-45.57296],[167.94488,-45.57718],[167.94657,-45.58393],[167.94757,-45.58622],[167.94965,-45.588],[167.95099,-45.59296],[167.95505,-45.59692],[167.95535,-45.60131],[167.9571,-45.60295],[167.95743,-45.60822],[167.96093,-45.61118],[167.95988,-45.61206],[167.9608,-45.61392],[167.96648,-45.61564],[167.96649,-45.61734],[167.96919,-45.62006],[167.9701,-45.62332],[167.9759,-45.62904],[167.97639,-45.63087],[167.97533,-45.63191],[167.97522,-45.63519],[167.97195,-45.63991],[167.97362,-45.64288],[167.97202,-45.64622],[167.9748,-45.64981],[167.97475,-45.65193],[167.97609,-45.65425],[167.9812,-45.65775],[167.98234,-45.66335],[167.98382,-45.66541],[167.98259,-45.66868],[167.98093,-45.66941],[167.97641,-45.66895],[167.97527,-45.67001],[167.97739,-45.67368],[167.97402,-45.67614],[167.97291,-45.68044],[167.97551,-45.68791],[167.97997,-45.69143],[167.98085,-45.69624],[167.98299,-45.69634],[167.9935,-45.702],[167.99761,-45.70603],[168.00221,-45.70828],[167.9985,-45.7095],[167.98557,-45.70516],[167.97688,-45.70499],[167.97077,-45.71147],[167.9705,-45.71292],[167.96778,-45.71453],[167.96352,-45.71409],[167.96207,-45.71468],[167.96239,-45.71615],[167.95861,-45.72043],[167.95655,-45.72121],[167.95054,-45.72649],[167.94893,-45.73415],[167.95001,-45.73834],[167.94859,-45.74236],[167.9461,-45.7447],[167.94374,-45.74486],[167.94549,-45.74819],[167.9439,-45.75113],[167.93935,-45.7538],[167.93951,-45.75509],[167.93757,-45.75594],[167.93706,-45.75851],[167.93582,-45.75973],[167.93634,-45.76398],[167.93809,-45.76639],[167.93858,-45.77212],[167.94102,-45.77346],[167.94202,-45.7757],[167.94176,-45.77893],[167.93974,-45.78034],[167.93662,-45.78019],[167.92847,-45.78296],[167.92509,-45.78273],[167.9239,-45.78152],[167.91998,-45.78077],[167.91783,-45.77898],[167.91228,-45.77973],[167.90439,-45.78363],[167.89914,-45.78328],[167.89755,-45.78253],[167.89445,-45.78405],[167.89347,-45.78672],[167.89083,-45.78777],[167.88979,-45.79107],[167.8902,-45.79386],[167.89554,-45.79794],[167.89548,-45.79867],[167.89317,-45.8001],[167.88841,-45.80042],[167.88156,-45.80427],[167.88174,-45.80881],[167.88659,-45.81571],[167.88663,-45.81845],[167.88366,-45.81887],[167.88329,-45.81798],[167.87963,-45.81918],[167.87826,-45.82045],[167.87278,-45.82088],[167.87209,-45.82181],[167.87325,-45.82271],[167.87052,-45.82372],[167.86721,-45.82382],[167.86274,-45.83033],[167.86099,-45.82994],[167.85846,-45.83118],[167.85861,-45.83276],[167.86064,-45.83439],[167.86131,-45.83638],[167.86032,-45.83824],[167.85802,-45.83879],[167.85484,-45.84158],[167.85149,-45.8422],[167.84195,-45.84588],[167.84274,-45.84721],[167.84454,-45.84755],[167.84376,-45.84897],[167.83939,-45.84945],[167.83761,-45.85151],[167.83463,-45.8529],[167.82716,-45.85376],[167.81975,-45.85867],[167.8171,-45.85713],[167.81558,-45.85746],[167.81463,-45.85411],[167.81084,-45.85303],[167.80751,-45.84658],[167.80651,-45.84196],[167.80203,-45.83958],[167.79798,-45.83956],[167.79565,-45.8446],[167.79052,-45.84597],[167.79191,-45.85146],[167.79389,-45.85324],[167.78934,-45.85997],[167.7894,-45.85818],[167.78803,-45.85811],[167.7876,-45.85998],[167.77857,-45.86587],[167.77125,-45.86749],[167.76979,-45.87206],[167.76776,-45.87329],[167.77238,-45.87573],[167.77254,-45.87931],[167.79149,-45.89266],[167.80119,-45.89806],[167.80085,-45.89927],[167.80559,-45.90253],[167.80812,-45.90307],[167.81102,-45.90876],[167.81407,-45.90934],[167.81349,-45.91208],[167.81613,-45.91523],[167.81647,-45.91823],[167.81814,-45.92112],[167.83012,-45.92132],[167.83401,-45.92489],[167.83819,-45.92519],[167.84124,-45.92448],[167.84897,-45.92533],[167.85109,-45.92841],[167.85382,-45.93011],[167.85538,-45.93358],[167.85948,-45.93353],[167.85948,-45.93533],[167.86197,-45.93921],[167.85977,-45.94064],[167.86251,-45.94149],[167.86194,-45.94402],[167.86276,-45.94595],[167.86156,-45.94704],[167.87107,-45.94824],[167.87542,-45.94805],[167.88063,-45.94692],[167.88395,-45.94418],[167.88935,-45.94357],[167.88927,-45.95325],[167.89763,-45.95522],[167.89773,-45.96403],[167.90103,-45.96562],[167.90153,-45.96794],[167.90007,-45.97039],[167.89989,-45.97301],[167.89817,-45.97515],[167.89382,-45.9766],[167.89297,-45.97798],[167.8949,-45.97863],[167.89822,-45.98178],[167.89742,-45.98797],[167.89588,-45.98898],[167.89631,-45.99528],[167.89444,-46.00026],[167.89848,-46.00317],[167.89744,-46.00521],[167.89997,-46.00804],[167.89973,-46.01415],[167.89877,-46.01501],[167.89973,-46.016],[167.89995,-46.02162],[167.90185,-46.02254],[167.9021,-46.02409],[167.90384,-46.02542],[167.90427,-46.02791],[167.90314,-46.03025],[167.91404,-46.03853],[167.91764,-46.04031],[167.91119,-46.04536],[167.91343,-46.04643],[167.91161,-46.05338],[167.91143,-46.06541],[167.90009,-46.0654],[167.89708,-46.06608],[167.89432,-46.06495],[167.89016,-46.0674],[167.89196,-46.06823],[167.89366,-46.073],[167.89518,-46.0738],[167.89588,-46.0761],[167.89509,-46.07877],[167.88917,-46.0804],[167.88968,-46.08164],[167.88528,-46.08401],[167.88092,-46.0846],[167.8788,-46.08368],[167.87599,-46.0849],[167.87349,-46.08492],[167.87187,-46.08451],[167.86842,-46.08137],[167.85763,-46.07856],[167.85324,-46.07455],[167.84893,-46.07949],[167.84682,-46.08056],[167.84369,-46.08787],[167.83975,-46.09331],[167.83763,-46.09436],[167.83716,-46.09675],[167.83905,-46.10191],[167.83676,-46.10591],[167.83424,-46.10553],[167.83588,-46.11482],[167.83388,-46.12032],[167.83693,-46.12322],[167.83888,-46.12634],[167.83871,-46.12759],[167.84046,-46.1294],[167.84291,-46.12965],[167.84328,-46.13094],[167.83843,-46.13527],[167.83296,-46.13808],[167.82923,-46.14207],[167.82512,-46.14448],[167.82349,-46.14701],[167.82273,-46.15269],[167.82737,-46.15791],[167.82777,-46.15946],[167.83087,-46.16189],[167.82945,-46.1642],[167.83318,-46.16881],[167.83235,-46.17062],[167.82726,-46.17367],[167.82533,-46.17704],[167.82515,-46.18672],[167.82626,-46.18696],[167.82834,-46.19117],[167.83678,-46.19622],[167.83962,-46.19573],[167.8403,-46.19461],[167.84393,-46.19401],[167.84462,-46.19312],[167.84627,-46.19309],[167.84715,-46.19407],[167.84798,-46.19327],[167.84884,-46.19397],[167.85091,-46.19145],[167.85373,-46.19072],[167.85587,-46.19201],[167.85828,-46.19142],[167.85876,-46.19023],[167.86075,-46.19016],[167.86347,-46.18727],[167.87201,-46.18132],[167.87438,-46.1812],[167.87576,-46.18229],[167.87547,-46.18332],[167.87641,-46.18336],[167.88048,-46.18167],[167.88245,-46.18207],[167.88349,-46.18442],[167.88267,-46.18731],[167.88378,-46.18903],[167.88321,-46.19022],[167.89103,-46.18575],[167.89368,-46.19437],[167.90737,-46.19182],[167.91238,-46.1922],[167.91872,-46.19579],[167.92011,-46.1949],[167.92253,-46.19482],[167.92119,-46.19825],[167.92433,-46.20154],[167.92729,-46.20146],[167.92978,-46.20254],[167.93097,-46.20755],[167.9327,-46.20807],[167.93503,-46.2122],[167.93513,-46.2144],[167.93707,-46.21656],[167.93885,-46.21678],[167.94168,-46.21946],[167.94402,-46.2203],[167.94476,-46.2221],[167.95105,-46.22563],[167.95272,-46.22882],[167.95247,-46.23113],[167.95445,-46.23151],[167.95481,-46.23237],[167.95375,-46.23422],[167.95707,-46.23585],[167.95875,-46.23983],[167.95593,-46.24012],[167.95196,-46.2388],[167.94885,-46.23926],[167.93224,-46.23708],[167.93456,-46.24538],[167.9265,-46.24743],[167.92499,-46.24884],[167.91718,-46.25007],[167.9121,-46.25464],[167.91022,-46.2577],[167.9103,-46.2596],[167.90799,-46.25998],[167.90714,-46.26082],[167.90142,-46.26275],[167.89789,-46.26264],[167.89504,-46.26409],[167.88825,-46.26332],[167.88508,-46.2643],[167.88027,-46.26454],[167.8733,-46.26342],[167.8705,-46.26491],[167.86784,-46.26368],[167.86061,-46.26366],[167.85959,-46.26574],[167.85871,-46.2656],[167.858,-46.26647],[167.85808,-46.26929],[167.85607,-46.27067],[167.85414,-46.27058],[167.85307,-46.27324],[167.85404,-46.27504],[167.85149,-46.27876],[167.84542,-46.28203],[167.84492,-46.28399],[167.84738,-46.28706],[167.85419,-46.28712],[167.8543,-46.28936],[167.8514,-46.29161],[167.85347,-46.29158],[167.85795,-46.29347],[167.85933,-46.29501],[167.86057,-46.29505],[167.86218,-46.29948],[167.86165,-46.30366],[167.85834,-46.30528],[167.85604,-46.30891],[167.85214,-46.31201],[167.85094,-46.31425],[167.85112,-46.31707],[167.84901,-46.31918],[167.84895,-46.32271],[167.84704,-46.32531],[167.84307,-46.32716],[167.84266,-46.32801],[167.8436,-46.32882],[167.83709,-46.32956],[167.83246,-46.33168],[167.83207,-46.33588],[167.83425,-46.33686],[167.8343,-46.3382],[167.83546,-46.33899],[167.8675,-46.35246],[167.8707,-46.35471],[167.87182,-46.3574],[167.88417,-46.36443],[167.89013,-46.36148],[167.90303,-46.35805],[167.91361,-46.35703],[167.92792,-46.35761],[167.94619,-46.36076],[167.94921,-46.36244],[167.95095,-46.36248],[167.95234,-46.36388],[167.95688,-46.36512],[167.96007,-46.36718],[167.96616,-46.36742],[167.97614,-46.37297],[167.9774,-46.37442],[167.9802,-46.37522],[167.98719,-46.37287],[167.99056,-46.37379],[167.99553,-46.36995],[168.00023,-46.3708],[168.00191,-46.36883],[168.00424,-46.36803],[168.00373,-46.36656],[168.01092,-46.35818],[168.00958,-46.35754],[168.01001,-46.35458],[168.01727,-46.34967],[168.02593,-46.35588],[168.04004,-46.34762],[168.04753,-46.34421],[168.05471,-46.34172],[168.06104,-46.34046],[168.07261,-46.33932],[168.08701,-46.33968],[168.1003,-46.34121],[168.12723,-46.34806],[168.14224,-46.35446],[168.15847,-46.36257],[168.1729,-46.37176],[168.19788,-46.39254],[168.21805,-46.4179],[168.22926,-46.43671],[168.23208,-46.43835],[168.24622,-46.43673],[168.24897,-46.43536],[168.25204,-46.43549],[168.26902,-46.43196],[168.30681,-46.43175],[168.33751,-46.41847],[168.34021,-46.42835],[168.35169,-46.44277],[168.35296,-46.44945],[168.35728,-46.44976],[168.35929,-46.45555],[168.35793,-46.45708],[168.35452,-46.45773],[168.35512,-46.46302],[168.35711,-46.46649],[168.3582,-46.46666],[168.36016,-46.46955],[168.3662,-46.47415],[168.36915,-46.47474],[168.37294,-46.47324],[168.37479,-46.47352],[168.37683,-46.4779],[168.37918,-46.47906],[168.37954,-46.48233],[168.38071,-46.48339],[168.38158,-46.4835],[168.38188,-46.48208],[168.38302,-46.4816],[168.38639,-46.48374],[168.38498,-46.48716],[168.38574,-46.48783],[168.36691,-46.50326],[168.35003,-46.51049],[168.33351,-46.51358],[168.32414,-46.51643],[168.31537,-46.52087],[168.30956,-46.52516],[168.30729,-46.52815],[168.30093,-46.5471],[168.29899,-46.56611],[168.30517,-46.58004],[168.3049,-46.58626],[168.3057,-46.58834],[168.30901,-46.59107],[168.31682,-46.59433],[168.31958,-46.59651],[168.3199,-46.59738],[168.31663,-46.60191],[168.31802,-46.60448],[168.31753,-46.60837],[168.31991,-46.61191],[168.31847,-46.61309],[168.31861,-46.61584],[168.3216,-46.61691],[168.32541,-46.61987],[168.32829,-46.62389],[168.32954,-46.62352],[168.32904,-46.62277],[168.33035,-46.62232],[168.33107,-46.62041],[168.33522,-46.61752],[168.33573,-46.61502],[168.33943,-46.61598],[168.34145,-46.61372],[168.34349,-46.61293],[168.3445,-46.61114],[168.35218,-46.61101],[168.35393,-46.61207],[168.35389,-46.61333],[168.35577,-46.61277],[168.35725,-46.61346]]}},{"type":"Feature","properties":{"name":"Twilight Campsite","kind":"campsite","source":"DOC","km":12.5,"section":"Cape Reinga to Ahipara"},"geometry":{"type":"Point","coordinates":[172.70334,-34.50665]}},{"type":"Feature","properties":{"name":"The Bluff Campsite","kind":"campsite","source":"Private","km":40.7,"section":"Cape Reinga to Ahipara"},"geometry":{"type":"Point","coordinates":[172.89824,-34.68527]}},{"type":"Feature","properties":{"name":"Hukatere Lodge Camp","kind":"campsite","source":"Private","km":70.6,"section":"Cape Reinga to Ahipara"},"geometry":{"type":"Point","coordinates":[173.09293,-34.90084]}},{"type":"Feature","properties":{"name":"Ngapae Holiday Park","kind":"caravan-park","source":"Private","km":87.4,"section":"Cape Reinga to Ahipara"},"geometry":{"type":"Point","coordinates":[173.17168,-35.03796]}},{"type":"Feature","properties":{"name":"Ahipara Holiday Park","kind":"accommodation","source":"Private","km":101.5,"section":"The Northland Forests"},"geometry":{"type":"Point","coordinates":[173.16138,-35.16041]}},{"type":"Feature","properties":{"name":"Ahipara","kind":"resupply","source":"Resupply","km":102.8,"section":"The Northland Forests"},"geometry":{"type":"Point","coordinates":[173.15343,-35.1713]}},{"type":"Feature","properties":{"name":"Kaitaia","kind":"town","source":"Resupply","km":116,"section":"The Northland Forests"},"geometry":{"type":"Point","coordinates":[173.264,-35.11413]}},{"type":"Feature","properties":{"name":"Makene Road Campsite","kind":"campsite","source":"Private","km":155.2,"section":"The Northland Forests"},"geometry":{"type":"Point","coordinates":[173.51354,-35.21154]}},{"type":"Feature","properties":{"name":"Mangamuka Bridge Dairy","kind":"food","source":"Resupply","km":161.3,"section":"The Northland Forests"},"geometry":{"type":"Point","coordinates":[173.54399,-35.23683]}},{"type":"Feature","properties":{"name":"Blackbridge Road Campsite","kind":"campsite","source":"DOC","km":177.8,"section":"The Northland Forests"},"geometry":{"type":"Point","coordinates":[173.65897,-35.23623]}},{"type":"Feature","properties":{"name":"Puketi Recreation Area Campsite","kind":"campsite","source":"DOC","km":198.4,"section":"The Northland Forests"},"geometry":{"type":"Point","coordinates":[173.79323,-35.21142]}},{"type":"Feature","properties":{"name":"Puketi Forest Hut","kind":"hut","source":"DOC","km":198.4,"section":"The Northland Forests"},"geometry":{"type":"Point","coordinates":[173.7939,-35.21122]}},{"type":"Feature","properties":{"name":"Kerikeri","kind":"town","source":"Resupply","km":221.6,"section":"Mangakaretu to Kerikeri"},"geometry":{"type":"Point","coordinates":[173.94911,-35.22726]}},{"type":"Feature","properties":{"name":"Paihia","kind":"town","source":"Resupply","km":245.2,"section":"Paihia to Ōpua Coastal Walkway"},"geometry":{"type":"Point","coordinates":[174.09209,-35.28124]}},{"type":"Feature","properties":{"name":"Paihia Top 10 Holiday Park","kind":"accommodation","source":"Private","km":248.5,"section":"Paihia to Ōpua Coastal Walkway"},"geometry":{"type":"Point","coordinates":[174.10178,-35.30033]}},{"type":"Feature","properties":{"name":"Opua","kind":"resupply","source":"Resupply","km":251.9,"section":"Waikare Connection - by Water"},"geometry":{"type":"Point","coordinates":[174.12142,-35.31263]}},{"type":"Feature","properties":{"name":"Whananaki","kind":"resupply","source":"Resupply","km":322.5,"section":"Waikare to Ngunguru"},"geometry":{"type":"Point","coordinates":[174.46295,-35.50751]}},{"type":"Feature","properties":{"name":"Matapouri","kind":"resupply","source":"Resupply","km":331.2,"section":"Waikare to Ngunguru"},"geometry":{"type":"Point","coordinates":[174.50307,-35.5664]}},{"type":"Feature","properties":{"name":"Ngunguru","kind":"resupply","source":"Resupply","km":347.6,"section":"Waikare to Ngunguru"},"geometry":{"type":"Point","coordinates":[174.50078,-35.63336]}},{"type":"Feature","properties":{"name":"Nikau Bay","kind":"campsite","source":"Private","km":349.1,"section":"Ngunguru to Pataua North"},"geometry":{"type":"Point","coordinates":[174.48965,-35.64324]}},{"type":"Feature","properties":{"name":"Whangarei","kind":"town","source":"Resupply","km":407.3,"section":"Bream Bay Walk"},"geometry":{"type":"Point","coordinates":[174.31942,-35.72753]}},{"type":"Feature","properties":{"name":"Ruakaka","kind":"town","source":"Resupply","km":414.1,"section":"Bream Bay Walk"},"geometry":{"type":"Point","coordinates":[174.45571,-35.87544]}},{"type":"Feature","properties":{"name":"Ruakaka Reserve Motor Camp","kind":"caravan-park","source":"Private","km":418,"section":"Bream Bay Walk"},"geometry":{"type":"Point","coordinates":[174.45268,-35.90579]}},{"type":"Feature","properties":{"name":"Uretiti Beach Campsite","kind":"campsite","source":"DOC","km":421.5,"section":"Bream Bay Walk"},"geometry":{"type":"Point","coordinates":[174.45998,-35.93379]}},{"type":"Feature","properties":{"name":"Waipu","kind":"town","source":"Resupply","km":428.4,"section":"Bream Bay Walk"},"geometry":{"type":"Point","coordinates":[174.4475,-35.98501]}},{"type":"Feature","properties":{"name":"Camp Waipu Cove","kind":"food","source":"Private","km":435.7,"section":"Cullen Brynderwyn Walkway"},"geometry":{"type":"Point","coordinates":[174.50437,-36.02847]}},{"type":"Feature","properties":{"name":"Waorahi Campsite","kind":"campsite","source":"Private","km":444.3,"section":"Cullen Brynderwyn Walkway"},"geometry":{"type":"Point","coordinates":[174.541,-36.06781]}},{"type":"Feature","properties":{"name":"Mangawhai Heads Holiday Park","kind":"campsite","source":"Private","km":456.9,"section":"Mangawhai to Pākiri"},"geometry":{"type":"Point","coordinates":[174.58924,-36.08534]}},{"type":"Feature","properties":{"name":"Mangawhai Heads","kind":"resupply","source":"Resupply","km":458.4,"section":"Mangawhai to Pākiri"},"geometry":{"type":"Point","coordinates":[174.5872,-36.09479]}},{"type":"Feature","properties":{"name":"Mangawhai","kind":"town","source":"Resupply","km":462.8,"section":"Mangawhai to Pākiri"},"geometry":{"type":"Point","coordinates":[174.57548,-36.126]}},{"type":"Feature","properties":{"name":"Riverside Holiday Park","kind":"accommodation","source":"Private","km":464.3,"section":"Mangawhai to Pākiri"},"geometry":{"type":"Point","coordinates":[174.58503,-36.13082]}},{"type":"Feature","properties":{"name":"Pakiri Beach Holiday Park","kind":"food","source":"Private","km":485.5,"section":"Mt Tamahunga (Te Hīkoi O Te Kiri) Track"},"geometry":{"type":"Point","coordinates":[174.72292,-36.24553]}},{"type":"Feature","properties":{"name":"Pakiri Beach Holiday Park","kind":"resupply","source":"Resupply","km":488.1,"section":"Mt Tamahunga (Te Hīkoi O Te Kiri) Track"},"geometry":{"type":"Point","coordinates":[174.72747,-36.2644]}},{"type":"Feature","properties":{"name":"Happy Dayz Accomodation","kind":"accommodation","source":"Private","km":494.9,"section":"Mt Tamahunga (Te Hīkoi O Te Kiri) Track"},"geometry":{"type":"Point","coordinates":[174.74036,-36.34053]}},{"type":"Feature","properties":{"name":"Warkworth","kind":"town","source":"Resupply","km":508.2,"section":"Govan Wilson to Pūhoi Valley"},"geometry":{"type":"Point","coordinates":[174.66585,-36.39767]}},{"type":"Feature","properties":{"name":"Remiger Road Campsite","kind":"campsite","source":"DOC","km":533.2,"section":"Govan Wilson to Pūhoi Valley"},"geometry":{"type":"Point","coordinates":[174.61887,-36.50038]}},{"type":"Feature","properties":{"name":"Puhoi","kind":"resupply","source":"Resupply","km":539.1,"section":"Pūhoi to Wenderholm Kayak"},"geometry":{"type":"Point","coordinates":[174.66112,-36.51209]}},{"type":"Feature","properties":{"name":"Wenderholm Regional Park","kind":"campsite","source":"Private","km":549.4,"section":"Wenderholm to Stillwater"},"geometry":{"type":"Point","coordinates":[174.705,-36.53633]}},{"type":"Feature","properties":{"name":"Orewa","kind":"town","source":"Resupply","km":556.8,"section":"Wenderholm to Stillwater"},"geometry":{"type":"Point","coordinates":[174.6915,-36.58576]}},{"type":"Feature","properties":{"name":"Ōrewa Beach Holiday Park","kind":"caravan-park","source":"Private","km":558.3,"section":"Wenderholm to Stillwater"},"geometry":{"type":"Point","coordinates":[174.69928,-36.59655]}},{"type":"Feature","properties":{"name":"Red Beach Top 10 Holiday Park","kind":"accommodation","source":"Private","km":558.4,"section":"Wenderholm to Stillwater"},"geometry":{"type":"Point","coordinates":[174.70591,-36.60217]}},{"type":"Feature","properties":{"name":"Silverdale","kind":"town","source":"Resupply","km":562.9,"section":"Wenderholm to Stillwater"},"geometry":{"type":"Point","coordinates":[174.67691,-36.61768]}},{"type":"Feature","properties":{"name":"Browns Bay","kind":"town","source":"Resupply","km":586.6,"section":"North Shore Coastal Walk"},"geometry":{"type":"Point","coordinates":[174.7482,-36.71563]}},{"type":"Feature","properties":{"name":"Devonport","kind":"town","source":"Resupply","km":605.6,"section":"North Shore Coastal Walk"},"geometry":{"type":"Point","coordinates":[174.79754,-36.82973]}},{"type":"Feature","properties":{"name":"Auckland CBD","kind":"town","source":"Resupply","km":607.5,"section":"Coast to Coast Walkway"},"geometry":{"type":"Point","coordinates":[174.76318,-36.85209]}},{"type":"Feature","properties":{"name":"Mangere Bridge","kind":"town","source":"Resupply","km":622.8,"section":"Onehunga to Puhinui"},"geometry":{"type":"Point","coordinates":[174.78524,-36.9439]}},{"type":"Feature","properties":{"name":"Ambury Regional Park","kind":"campsite","source":"Private","km":626.3,"section":"Onehunga to Puhinui"},"geometry":{"type":"Point","coordinates":[174.75745,-36.94615]}},{"type":"Feature","properties":{"name":"Papakura","kind":"town","source":"Resupply","km":662.7,"section":"Botanic Gardens to Mangatāwhiri"},"geometry":{"type":"Point","coordinates":[174.94467,-37.06426]}},{"type":"Feature","properties":{"name":"Upper Mangatawhiri Campground","kind":"campsite","source":"Private","km":670.5,"section":"Botanic Gardens to Mangatāwhiri"},"geometry":{"type":"Point","coordinates":[175.15478,-37.09082]}},{"type":"Feature","properties":{"name":"Repeater Campground","kind":"campsite","source":"Private","km":670.5,"section":"Botanic Gardens to Mangatāwhiri"},"geometry":{"type":"Point","coordinates":[175.142,-37.0994]}},{"type":"Feature","properties":{"name":"Mangatangi Trig Campground","kind":"campsite","source":"Private","km":693.8,"section":"Mangatāwhiri to Mercer"},"geometry":{"type":"Point","coordinates":[175.18624,-37.12181]}},{"type":"Feature","properties":{"name":"Lower Mangatawhiri Campsite","kind":"campsite","source":"Private","km":693.8,"section":"Mangatāwhiri to Mercer"},"geometry":{"type":"Point","coordinates":[175.1635,-37.1347]}},{"type":"Feature","properties":{"name":"Mercer","kind":"food","source":"Resupply","km":703,"section":"Mangatāwhiri to Mercer"},"geometry":{"type":"Point","coordinates":[175.0485,-37.27657]}},{"type":"Feature","properties":{"name":"Huntly Camping & Caravan Park","kind":"accommodation","source":"Private","km":743.7,"section":"Rangiriri to Huntly"},"geometry":{"type":"Point","coordinates":[175.1607,-37.55063]}},{"type":"Feature","properties":{"name":"Huntly","kind":"town","source":"Resupply","km":744.7,"section":"Rangiriri to Huntly"},"geometry":{"type":"Point","coordinates":[175.15883,-37.5584]}},{"type":"Feature","properties":{"name":"Ngaruawahia","kind":"town","source":"Resupply","km":764.5,"section":"Ngāruawāhia to Hamilton - Te Awa (The River)"},"geometry":{"type":"Point","coordinates":[175.15005,-37.66627]}},{"type":"Feature","properties":{"name":"Hamilton","kind":"town","source":"Resupply","km":785.5,"section":"Hamilton City"},"geometry":{"type":"Point","coordinates":[175.28179,-37.78788]}},{"type":"Feature","properties":{"name":"Whatawhata","kind":"food","source":"Resupply","km":799.8,"section":"Waipā Walk"},"geometry":{"type":"Point","coordinates":[175.15335,-37.79763]}},{"type":"Feature","properties":{"name":"Kaniwhaniwha Campsite","kind":"campsite","source":"DOC","km":824.7,"section":"Pirongia Traverse"},"geometry":{"type":"Point","coordinates":[175.0748,-37.93842]}},{"type":"Feature","properties":{"name":"Pahautea Hut Campsite","kind":"hut","source":"DOC","km":833,"section":"Pirongia Traverse"},"geometry":{"type":"Point","coordinates":[175.09224,-37.99375]}},{"type":"Feature","properties":{"name":"Pāhautea Hut","kind":"hut","source":"DOC","km":833,"section":"Pirongia Traverse"},"geometry":{"type":"Point","coordinates":[175.09188,-37.99338]}},{"type":"Feature","properties":{"name":"Waitomo Top 10 Holiday Park","kind":"caravan-park","source":"Private","km":883.1,"section":"Pirongia to Waitomo"},"geometry":{"type":"Point","coordinates":[175.11027,-38.26023]}},{"type":"Feature","properties":{"name":"Waitomo","kind":"resupply","source":"Resupply","km":883.2,"section":"Pehitawa Track"},"geometry":{"type":"Point","coordinates":[175.11032,-38.26109]}},{"type":"Feature","properties":{"name":"Te Kūiti","kind":"town","source":"Resupply","km":898.8,"section":"Te Kūiti to Pureora"},"geometry":{"type":"Point","coordinates":[175.16571,-38.33419]}},{"type":"Feature","properties":{"name":"Ngaherenga Campsite","kind":"campsite","source":"DOC","km":956.3,"section":"Pureora Forest - The Timber Trail"},"geometry":{"type":"Point","coordinates":[175.56235,-38.51126]}},{"type":"Feature","properties":{"name":"Bog Inn Hut","kind":"hut","source":"DOC","km":973.2,"section":"Pureora Forest - The Timber Trail"},"geometry":{"type":"Point","coordinates":[175.62879,-38.58317]}},{"type":"Feature","properties":{"name":"Piropiro Campsite","kind":"campsite","source":"DOC","km":992.2,"section":"Pureora Forest - The Timber Trail"},"geometry":{"type":"Point","coordinates":[175.49052,-38.6334]}},{"type":"Feature","properties":{"name":"Ongarue Campsite","kind":"campsite","source":"Private","km":1033.9,"section":"Pureora Forest - The Timber Trail"},"geometry":{"type":"Point","coordinates":[175.30239,-38.72092]}},{"type":"Feature","properties":{"name":"Taumarunui Holiday Park","kind":"caravan-park","source":"Private","km":1060.3,"section":"42 Traverse"},"geometry":{"type":"Point","coordinates":[175.30667,-38.88224]}},{"type":"Feature","properties":{"name":"Taumarunui","kind":"town","source":"Resupply","km":1060.5,"section":"42 Traverse"},"geometry":{"type":"Point","coordinates":[175.26246,-38.88295]}},{"type":"Feature","properties":{"name":"Owhango","kind":"food","source":"Resupply","km":1087,"section":"42 Traverse"},"geometry":{"type":"Point","coordinates":[175.37954,-38.99596]}},{"type":"Feature","properties":{"name":"Mangatepopo Hut","kind":"hut","source":"DOC","km":1143.8,"section":"Tongariro Alpine Crossing"},"geometry":{"type":"Point","coordinates":[175.59673,-39.14458]}},{"type":"Feature","properties":{"name":"Mangatepopo Campsite","kind":"campsite","source":"DOC","km":1143.8,"section":"Tongariro Alpine Crossing"},"geometry":{"type":"Point","coordinates":[175.5964,-39.14476]}},{"type":"Feature","properties":{"name":"Waihohonu Campsite","kind":"campsite","source":"DOC","km":1156.4,"section":"Tongariro Alpine Crossing"},"geometry":{"type":"Point","coordinates":[175.67917,-39.20868]}},{"type":"Feature","properties":{"name":"Waihohonu Hut","kind":"hut","source":"DOC","km":1156.5,"section":"Tongariro Alpine Crossing"},"geometry":{"type":"Point","coordinates":[175.67974,-39.20946]}},{"type":"Feature","properties":{"name":"Rangipo Hut","kind":"hut","source":"DOC","km":1161.7,"section":"Tongariro Alpine Crossing"},"geometry":{"type":"Point","coordinates":[175.62375,-39.30009]}},{"type":"Feature","properties":{"name":"Whakapapa Village","kind":"food","source":"Resupply","km":1172.1,"section":"Mangatepopo to National Park"},"geometry":{"type":"Point","coordinates":[175.5399,-39.20113]}},{"type":"Feature","properties":{"name":"Whakapapa Holiday Park","kind":"caravan-park","source":"Private","km":1172.3,"section":"Mangatepopo to National Park"},"geometry":{"type":"Point","coordinates":[175.54006,-39.20239]}},{"type":"Feature","properties":{"name":"Blyth Hut","kind":"hut","source":"DOC","km":1178.4,"section":"Mangatepopo to National Park"},"geometry":{"type":"Point","coordinates":[175.52491,-39.3318]}},{"type":"Feature","properties":{"name":"Whakapapaiti Hut","kind":"hut","source":"DOC","km":1178.4,"section":"Mangatepopo to National Park"},"geometry":{"type":"Point","coordinates":[175.51787,-39.23758]}},{"type":"Feature","properties":{"name":"Mangaehuehu Hut","kind":"hut","source":"DOC","km":1178.4,"section":"Mangatepopo to National Park"},"geometry":{"type":"Point","coordinates":[175.55,-39.34309]}},{"type":"Feature","properties":{"name":"Mangaturuturu Hut","kind":"hut","source":"DOC","km":1179.5,"section":"Mangatepopo to National Park"},"geometry":{"type":"Point","coordinates":[175.50203,-39.29733]}},{"type":"Feature","properties":{"name":"Mangahuia Campsite","kind":"campsite","source":"DOC","km":1185.6,"section":"Mangatepopo to National Park"},"geometry":{"type":"Point","coordinates":[175.46979,-39.18006]}},{"type":"Feature","properties":{"name":"National Park (Waimarino)","kind":"resupply","source":"Resupply","km":1193.2,"section":"National Park to Whanganui River"},"geometry":{"type":"Point","coordinates":[175.39457,-39.17561]}},{"type":"Feature","properties":{"name":"Whakahoro","kind":"food","source":"Resupply","km":1244.8,"section":"National Park to Whanganui River"},"geometry":{"type":"Point","coordinates":[175.07423,-39.10644]}},{"type":"Feature","properties":{"name":"Whakahoro Campsite","kind":"campsite","source":"DOC","km":1244.9,"section":"National Park to Whanganui River"},"geometry":{"type":"Point","coordinates":[175.07088,-39.10924]}},{"type":"Feature","properties":{"name":"Mangapapa Campsite","kind":"campsite","source":"DOC","km":1246.5,"section":"National Park to Whanganui River"},"geometry":{"type":"Point","coordinates":[174.99925,-39.12933]}},{"type":"Feature","properties":{"name":"Mosley's Campsite","kind":"campsite","source":"DOC","km":1254.2,"section":"National Park to Whanganui River"},"geometry":{"type":"Point","coordinates":[175.07929,-39.17604]}},{"type":"Feature","properties":{"name":"Mangapurua Trig Campsite","kind":"campsite","source":"DOC","km":1260.7,"section":"National Park to Whanganui River"},"geometry":{"type":"Point","coordinates":[175.08095,-39.21124]}},{"type":"Feature","properties":{"name":"Johnsons Campsite","kind":"campsite","source":"DOC","km":1266.7,"section":"National Park to Whanganui River"},"geometry":{"type":"Point","coordinates":[175.03289,-39.19812]}},{"type":"Feature","properties":{"name":"Ohauora Campsite","kind":"campsite","source":"DOC","km":1269.8,"section":"National Park to Whanganui River"},"geometry":{"type":"Point","coordinates":[174.95887,-39.17119]}},{"type":"Feature","properties":{"name":"Bettjemann Campsite","kind":"campsite","source":"DOC","km":1270.2,"section":"National Park to Whanganui River"},"geometry":{"type":"Point","coordinates":[174.99918,-39.20287]}},{"type":"Feature","properties":{"name":"John Coull Hut","kind":"hut","source":"DOC","km":1275.4,"section":"National Park to Whanganui River"},"geometry":{"type":"Point","coordinates":[174.91347,-39.2334]}},{"type":"Feature","properties":{"name":"John Coull Campsite","kind":"campsite","source":"DOC","km":1275.4,"section":"National Park to Whanganui River"},"geometry":{"type":"Point","coordinates":[174.91416,-39.23317]}},{"type":"Feature","properties":{"name":"Mangapurua Campsite","kind":"campsite","source":"DOC","km":1281.8,"section":"National Park to Whanganui River"},"geometry":{"type":"Point","coordinates":[174.9667,-39.28184]}},{"type":"Feature","properties":{"name":"Mangawaiiti Campsite","kind":"campsite","source":"DOC","km":1283.6,"section":"Whanganui River - via Whanganui River"},"geometry":{"type":"Point","coordinates":[174.90521,-39.28411]}},{"type":"Feature","properties":{"name":"Tīeke Marae/kāinga","kind":"hut","source":"DOC","km":1292,"section":"Whanganui River - via Whanganui River"},"geometry":{"type":"Point","coordinates":[174.99312,-39.33739]}},{"type":"Feature","properties":{"name":"Tīeke Marae/kāinga Campsite","kind":"campsite","source":"DOC","km":1292,"section":"Whanganui River - via Whanganui River"},"geometry":{"type":"Point","coordinates":[174.9927,-39.33757]}},{"type":"Feature","properties":{"name":"Ngaporo Campsite","kind":"campsite","source":"DOC","km":1304.5,"section":"Whanganui River - via Whanganui River"},"geometry":{"type":"Point","coordinates":[175.03561,-39.42503]}},{"type":"Feature","properties":{"name":"Pipiriki","kind":"food","source":"Resupply","km":1313.6,"section":"Whanganui River - via Whanganui River"},"geometry":{"type":"Point","coordinates":[175.04225,-39.47854]}},{"type":"Feature","properties":{"name":"Matahiwi","kind":"food","source":"Resupply","km":1335.8,"section":"Whanganui River - via Whanganui River"},"geometry":{"type":"Point","coordinates":[175.16083,-39.60569]}},{"type":"Feature","properties":{"name":"Downes Hut","kind":"hut","source":"DOC","km":1352.6,"section":"Whanganui River - via Whanganui River"},"geometry":{"type":"Point","coordinates":[175.13159,-39.72642]}},{"type":"Feature","properties":{"name":"Wanganui Top 10 Holiday Park","kind":"caravan-park","source":"Private","km":1396.7,"section":"Whanganui River - via Whanganui River"},"geometry":{"type":"Point","coordinates":[175.08931,-39.89458]}},{"type":"Feature","properties":{"name":"Caroline's Outback Camping Ground","kind":"food","source":"Private","km":1400.1,"section":"Whanganui River - via Whanganui River"},"geometry":{"type":"Point","coordinates":[175.05604,-39.90737]}},{"type":"Feature","properties":{"name":"Whanganui","kind":"town","source":"Resupply","km":1403.6,"section":"Whanganui River - via Whanganui River"},"geometry":{"type":"Point","coordinates":[175.05193,-39.93249]}},{"type":"Feature","properties":{"name":"Bulls","kind":"town","source":"Resupply","km":1462.1,"section":"Bulls to Feilding"},"geometry":{"type":"Point","coordinates":[175.3849,-40.17454]}},{"type":"Feature","properties":{"name":"Bulls Motel and Holiday Park","kind":"accommodation","source":"Private","km":1463.3,"section":"Bulls to Feilding"},"geometry":{"type":"Point","coordinates":[175.38704,-40.18509]}},{"type":"Feature","properties":{"name":"Feilding","kind":"town","source":"Resupply","km":1483.7,"section":"Bulls to Feilding"},"geometry":{"type":"Point","coordinates":[175.56444,-40.22628]}},{"type":"Feature","properties":{"name":"Bunnythorpe","kind":"food","source":"Resupply","km":1492.7,"section":"Feilding to Palmerston North"},"geometry":{"type":"Point","coordinates":[175.6315,-40.28259]}},{"type":"Feature","properties":{"name":"Palmerston North","kind":"town","source":"Resupply","km":1503.1,"section":"Feilding to Palmerston North"},"geometry":{"type":"Point","coordinates":[175.61124,-40.35632]}},{"type":"Feature","properties":{"name":"Moturimu Shelter","kind":"hut","source":"Private","km":1536.5,"section":"Palmerston North to Poads Road"},"geometry":{"type":"Point","coordinates":[175.58352,-40.50382]}},{"type":"Feature","properties":{"name":"Ian and Franks Hut","kind":"hut","source":"Private","km":1551.3,"section":"Palmerston North to Poads Road"},"geometry":{"type":"Point","coordinates":[175.4971,-40.57545]}},{"type":"Feature","properties":{"name":"Millblock Campsite","kind":"campsite","source":"Private","km":1565.6,"section":"Palmerston North to Poads Road"},"geometry":{"type":"Point","coordinates":[175.4118,-40.63092]}},{"type":"Feature","properties":{"name":"Levin","kind":"town","source":"Resupply","km":1573.1,"section":"Palmerston North to Poads Road"},"geometry":{"type":"Point","coordinates":[175.28659,-40.62182]}},{"type":"Feature","properties":{"name":"Waiopehu Hut","kind":"hut","source":"DOC","km":1583.9,"section":"Tararua Ranges"},"geometry":{"type":"Point","coordinates":[175.35708,-40.72633]}},{"type":"Feature","properties":{"name":"Te Matawai Hut","kind":"hut","source":"DOC","km":1589.3,"section":"Tararua Ranges"},"geometry":{"type":"Point","coordinates":[175.39866,-40.73754]}},{"type":"Feature","properties":{"name":"Dracophyllum Hut","kind":"hut","source":"DOC","km":1596.7,"section":"Tararua Ranges"},"geometry":{"type":"Point","coordinates":[175.38941,-40.76965]}},{"type":"Feature","properties":{"name":"Nichols Hut","kind":"hut","source":"DOC","km":1601.8,"section":"Tararua Ranges"},"geometry":{"type":"Point","coordinates":[175.37592,-40.81023]}},{"type":"Feature","properties":{"name":"Waitewaewae Hut","kind":"hut","source":"DOC","km":1610.2,"section":"Tararua Ranges"},"geometry":{"type":"Point","coordinates":[175.30622,-40.83094]}},{"type":"Feature","properties":{"name":"Parawai Lodge","kind":"hut","source":"DOC","km":1620.1,"section":"Tararua Ranges"},"geometry":{"type":"Point","coordinates":[175.23206,-40.87339]}},{"type":"Feature","properties":{"name":"Boielles Campsite","kind":"campsite","source":"DOC","km":1620.3,"section":"Tararua Ranges"},"geometry":{"type":"Point","coordinates":[175.23082,-40.87265]}},{"type":"Feature","properties":{"name":"Waikanae","kind":"town","source":"Resupply","km":1646.1,"section":"Pukeatua Track"},"geometry":{"type":"Point","coordinates":[175.0643,-40.87584]}},{"type":"Feature","properties":{"name":"El Rancho","kind":"caravan-park","source":"Private","km":1650.7,"section":"Kāpiti Coast"},"geometry":{"type":"Point","coordinates":[175.02409,-40.87396]}},{"type":"Feature","properties":{"name":"Paraparaumu Beach","kind":"town","source":"Resupply","km":1656.3,"section":"Kāpiti Coast"},"geometry":{"type":"Point","coordinates":[174.98129,-40.89148]}},{"type":"Feature","properties":{"name":"Paekakariki","kind":"resupply","source":"Resupply","km":1668.4,"section":"Escarpment Track"},"geometry":{"type":"Point","coordinates":[174.95144,-40.98831]}},{"type":"Feature","properties":{"name":"Porirua","kind":"town","source":"Resupply","km":1692.5,"section":"Rangituhi/ Colonial Knob Walk"},"geometry":{"type":"Point","coordinates":[174.83978,-41.13542]}},{"type":"Feature","properties":{"name":"Camp Elsdon","kind":"accommodation","source":"Private","km":1694.2,"section":"Rangituhi/ Colonial Knob Walk"},"geometry":{"type":"Point","coordinates":[174.82795,-41.13795]}},{"type":"Feature","properties":{"name":"Wellington","kind":"town","source":"Resupply","km":1726.3,"section":"Wellington City"},"geometry":{"type":"Point","coordinates":[174.77721,-41.28879]}},{"type":"Feature","properties":{"name":"Picton","kind":"town","source":"Resupply","km":1739,"section":"Queen Charlotte Track"},"geometry":{"type":"Point","coordinates":[174.00691,-41.29092]}},{"type":"Feature","properties":{"name":"Schoolhouse Bay Campsite","kind":"campsite","source":"DOC","km":1744.6,"section":"Queen Charlotte Track"},"geometry":{"type":"Point","coordinates":[174.22488,-41.11135]}},{"type":"Feature","properties":{"name":"Camp Bay Campsite","kind":"campsite","source":"DOC","km":1766.4,"section":"Queen Charlotte Track"},"geometry":{"type":"Point","coordinates":[174.14735,-41.12767]}},{"type":"Feature","properties":{"name":"Bay Of Many Coves Campsite","kind":"campsite","source":"DOC","km":1775,"section":"Queen Charlotte Track"},"geometry":{"type":"Point","coordinates":[174.14187,-41.17168]}},{"type":"Feature","properties":{"name":"Black Rock Campsite","kind":"campsite","source":"DOC","km":1784.5,"section":"Queen Charlotte Track"},"geometry":{"type":"Point","coordinates":[174.0649,-41.20092]}},{"type":"Feature","properties":{"name":"Cowshed Bay Campsite","kind":"campsite","source":"DOC","km":1789.6,"section":"Queen Charlotte Track"},"geometry":{"type":"Point","coordinates":[174.03191,-41.20208]}},{"type":"Feature","properties":{"name":"Eco Village Mistletoe Bay","kind":"caravan-park","source":"Private","km":1797.1,"section":"Queen Charlotte Track"},"geometry":{"type":"Point","coordinates":[173.97231,-41.22306]}},{"type":"Feature","properties":{"name":"Picton Holiday Park","kind":"caravan-park","source":"Private","km":1802.6,"section":"Queen Charlotte Track"},"geometry":{"type":"Point","coordinates":[174.01498,-41.2886]}},{"type":"Feature","properties":{"name":"Alexanders Holiday Park","kind":"accommodation","source":"Private","km":1802.6,"section":"Queen Charlotte Track"},"geometry":{"type":"Point","coordinates":[174.00538,-41.29813]}},{"type":"Feature","properties":{"name":"Davies Bay Campsite","kind":"campsite","source":"DOC","km":1806.3,"section":"Queen Charlotte Track"},"geometry":{"type":"Point","coordinates":[173.94073,-41.25232]}},{"type":"Feature","properties":{"name":"Havelock Holiday Park","kind":"accommodation","source":"Private","km":1829,"section":"Anakiwa to Pelorus Bridge"},"geometry":{"type":"Point","coordinates":[173.76829,-41.27887]}},{"type":"Feature","properties":{"name":"Havelock","kind":"town","source":"Resupply","km":1829.1,"section":"Anakiwa to Pelorus Bridge"},"geometry":{"type":"Point","coordinates":[173.76768,-41.2786]}},{"type":"Feature","properties":{"name":"Pelorus Bridge Campground","kind":"campsite","source":"DOC","km":1850.4,"section":"Pelorus River Track"},"geometry":{"type":"Point","coordinates":[173.57014,-41.30109]}},{"type":"Feature","properties":{"name":"Captains Creek Hut","kind":"hut","source":"DOC","km":1872.4,"section":"Pelorus River Track"},"geometry":{"type":"Point","coordinates":[173.43526,-41.37424]}},{"type":"Feature","properties":{"name":"Middy Creek Hut","kind":"hut","source":"DOC","km":1877.2,"section":"Pelorus River Track"},"geometry":{"type":"Point","coordinates":[173.3927,-41.38411]}},{"type":"Feature","properties":{"name":"Rocks Hut","kind":"hut","source":"DOC","km":1882,"section":"Pelorus River Track"},"geometry":{"type":"Point","coordinates":[173.35492,-41.36719]}},{"type":"Feature","properties":{"name":"Browning Hut","kind":"hut","source":"DOC","km":1892.6,"section":"Pelorus River Track"},"geometry":{"type":"Point","coordinates":[173.27683,-41.41372]}},{"type":"Feature","properties":{"name":"Nelson","kind":"town","source":"Resupply","km":1895,"section":"Richmond Alpine Track"},"geometry":{"type":"Point","coordinates":[173.28368,-41.27108]}},{"type":"Feature","properties":{"name":"Hacket Hut","kind":"hut","source":"DOC","km":1896,"section":"Richmond Alpine Track"},"geometry":{"type":"Point","coordinates":[173.24597,-41.41584]}},{"type":"Feature","properties":{"name":"Starveall Hut","kind":"hut","source":"DOC","km":1901.9,"section":"Richmond Alpine Track"},"geometry":{"type":"Point","coordinates":[173.24073,-41.45861]}},{"type":"Feature","properties":{"name":"Slaty Hut","kind":"hut","source":"DOC","km":1906.8,"section":"Richmond Alpine Track"},"geometry":{"type":"Point","coordinates":[173.27846,-41.48545]}},{"type":"Feature","properties":{"name":"Old Man Hut","kind":"hut","source":"DOC","km":1915,"section":"Richmond Alpine Track"},"geometry":{"type":"Point","coordinates":[173.27088,-41.52522]}},{"type":"Feature","properties":{"name":"Mt Rintoul Hut","kind":"hut","source":"DOC","km":1919.7,"section":"Richmond Alpine Track"},"geometry":{"type":"Point","coordinates":[173.22062,-41.51922]}},{"type":"Feature","properties":{"name":"Tarn Hut","kind":"hut","source":"DOC","km":1928,"section":"Richmond Alpine Track"},"geometry":{"type":"Point","coordinates":[173.16803,-41.55183]}},{"type":"Feature","properties":{"name":"Mid Wairoa Hut","kind":"hut","source":"DOC","km":1934.8,"section":"Richmond Alpine Track"},"geometry":{"type":"Point","coordinates":[173.12154,-41.57069]}},{"type":"Feature","properties":{"name":"Top Wairoa Hut","kind":"hut","source":"DOC","km":1941.7,"section":"Richmond Alpine Track"},"geometry":{"type":"Point","coordinates":[173.07451,-41.611]}},{"type":"Feature","properties":{"name":"Hunters Hut","kind":"hut","source":"DOC","km":1951.9,"section":"Richmond Alpine Track"},"geometry":{"type":"Point","coordinates":[173.00293,-41.59956]}},{"type":"Feature","properties":{"name":"Porters Creek Hut","kind":"hut","source":"DOC","km":1958.7,"section":"Richmond Alpine Track"},"geometry":{"type":"Point","coordinates":[172.99726,-41.65357]}},{"type":"Feature","properties":{"name":"Red Hills Hut","kind":"hut","source":"DOC","km":1970,"section":"Richmond Alpine Track"},"geometry":{"type":"Point","coordinates":[172.99157,-41.73116]}},{"type":"Feature","properties":{"name":"St Arnaud","kind":"resupply","source":"Resupply","km":1990.5,"section":"Richmond Alpine Track"},"geometry":{"type":"Point","coordinates":[172.84779,-41.80136]}},{"type":"Feature","properties":{"name":"Kerr Bay Campsite","kind":"campsite","source":"DOC","km":1991.1,"section":"Waiau Pass Track"},"geometry":{"type":"Point","coordinates":[172.84796,-41.80577]}},{"type":"Feature","properties":{"name":"Speargrass Hut","kind":"hut","source":"DOC","km":2000.1,"section":"Waiau Pass Track"},"geometry":{"type":"Point","coordinates":[172.75183,-41.85223]}},{"type":"Feature","properties":{"name":"Coldwater Hut","kind":"hut","source":"DOC","km":2000.2,"section":"Waiau Pass Track"},"geometry":{"type":"Point","coordinates":[172.81704,-41.87035]}},{"type":"Feature","properties":{"name":"Lakehead Hut","kind":"hut","source":"DOC","km":2001,"section":"Waiau Pass Track"},"geometry":{"type":"Point","coordinates":[172.82198,-41.87565]}},{"type":"Feature","properties":{"name":"Sabine Hut","kind":"hut","source":"DOC","km":2011.9,"section":"Waiau Pass Track"},"geometry":{"type":"Point","coordinates":[172.68071,-41.90137]}},{"type":"Feature","properties":{"name":"John Tait Hut","kind":"hut","source":"DOC","km":2015.5,"section":"Waiau Pass Track"},"geometry":{"type":"Point","coordinates":[172.76868,-41.97475]}},{"type":"Feature","properties":{"name":"Upper Travers Hut","kind":"hut","source":"DOC","km":2021.8,"section":"Waiau Pass Track"},"geometry":{"type":"Point","coordinates":[172.74985,-42.02029]}},{"type":"Feature","properties":{"name":"West Sabine Hut","kind":"hut","source":"DOC","km":2029.9,"section":"Waiau Pass Track"},"geometry":{"type":"Point","coordinates":[172.68395,-42.00779]}},{"type":"Feature","properties":{"name":"Blue Lake Hut","kind":"hut","source":"DOC","km":2037.1,"section":"Waiau Pass Track"},"geometry":{"type":"Point","coordinates":[172.65573,-42.05795]}},{"type":"Feature","properties":{"name":"Waiau Hut","kind":"hut","source":"DOC","km":2053.4,"section":"Waiau Pass Track"},"geometry":{"type":"Point","coordinates":[172.66122,-42.1802]}},{"type":"Feature","properties":{"name":"Christopher Hut","kind":"hut","source":"DOC","km":2069,"section":"Waiau Pass Track"},"geometry":{"type":"Point","coordinates":[172.56503,-42.2885]}},{"type":"Feature","properties":{"name":"Christopher (Ada) Cullers Hut","kind":"hut","source":"DOC","km":2069,"section":"Waiau Pass Track"},"geometry":{"type":"Point","coordinates":[172.55777,-42.28315]}},{"type":"Feature","properties":{"name":"Anne Hut","kind":"hut","source":"DOC","km":2079.4,"section":"Waiau Pass Track"},"geometry":{"type":"Point","coordinates":[172.52893,-42.35112]}},{"type":"Feature","properties":{"name":"Ada Pass Hut","kind":"hut","source":"DOC","km":2080.5,"section":"Waiau Pass Track"},"geometry":{"type":"Point","coordinates":[172.45733,-42.30437]}},{"type":"Feature","properties":{"name":"Cannibal Gorge Hut","kind":"hut","source":"DOC","km":2081.2,"section":"Waiau Pass Track"},"geometry":{"type":"Point","coordinates":[172.42988,-42.32674]}},{"type":"Feature","properties":{"name":"Rokeby Hut","kind":"hut","source":"DOC","km":2092.9,"section":"Waiau Pass Track"},"geometry":{"type":"Point","coordinates":[172.46345,-42.43361]}},{"type":"Feature","properties":{"name":"Boyle Flat Hut","kind":"hut","source":"DOC","km":2096.9,"section":"Waiau Pass Track"},"geometry":{"type":"Point","coordinates":[172.45992,-42.46637]}},{"type":"Feature","properties":{"name":"Magdalen Hut","kind":"hut","source":"DOC","km":2100.6,"section":"Waiau Pass Track"},"geometry":{"type":"Point","coordinates":[172.47481,-42.49734]}},{"type":"Feature","properties":{"name":"Boyle Village","kind":"resupply","source":"Resupply","km":2109.2,"section":"Waiau Pass Track"},"geometry":{"type":"Point","coordinates":[172.38749,-42.51704]}},{"type":"Feature","properties":{"name":"Boyle Campsite","kind":"campsite","source":"DOC","km":2109.3,"section":"Waiau Pass Track"},"geometry":{"type":"Point","coordinates":[172.38646,-42.51664]}},{"type":"Feature","properties":{"name":"Hanmer Springs","kind":"town","source":"Resupply","km":2109.4,"section":"Waiau Pass Track"},"geometry":{"type":"Point","coordinates":[172.8303,-42.52179]}},{"type":"Feature","properties":{"name":"Hope Halfway Hut","kind":"hut","source":"DOC","km":2129.3,"section":"Boyle to Arthur's Pass"},"geometry":{"type":"Point","coordinates":[172.29809,-42.61563]}},{"type":"Feature","properties":{"name":"Hope Kiwi Lodge","kind":"hut","source":"DOC","km":2136.6,"section":"Boyle to Arthur's Pass"},"geometry":{"type":"Point","coordinates":[172.2374,-42.64203]}},{"type":"Feature","properties":{"name":"Hurunui Hut","kind":"hut","source":"DOC","km":2154.4,"section":"Boyle to Arthur's Pass"},"geometry":{"type":"Point","coordinates":[172.09639,-42.70371]}},{"type":"Feature","properties":{"name":"Hurunui No. 3 Hut","kind":"hut","source":"DOC","km":2164.3,"section":"Boyle to Arthur's Pass"},"geometry":{"type":"Point","coordinates":[171.98795,-42.70084]}},{"type":"Feature","properties":{"name":"Camerons Hut","kind":"hut","source":"DOC","km":2168,"section":"Boyle to Arthur's Pass"},"geometry":{"type":"Point","coordinates":[171.9521,-42.71092]}},{"type":"Feature","properties":{"name":"Harper Pass Bivvy","kind":"hut","source":"DOC","km":2173.6,"section":"Boyle to Arthur's Pass"},"geometry":{"type":"Point","coordinates":[171.89671,-42.72502]}},{"type":"Feature","properties":{"name":"Locke Stream Hut","kind":"hut","source":"DOC","km":2179.7,"section":"Boyle to Arthur's Pass"},"geometry":{"type":"Point","coordinates":[171.83016,-42.73981]}},{"type":"Feature","properties":{"name":"Kiwi Hut","kind":"hut","source":"DOC","km":2187.8,"section":"Boyle to Arthur's Pass"},"geometry":{"type":"Point","coordinates":[171.74323,-42.75689]}},{"type":"Feature","properties":{"name":"Upper Deception Hut","kind":"hut","source":"DOC","km":2213,"section":"Boyle to Arthur's Pass"},"geometry":{"type":"Point","coordinates":[171.61657,-42.88372]}},{"type":"Feature","properties":{"name":"Goat Pass Hut","kind":"hut","source":"DOC","km":2215.2,"section":"Boyle to Arthur's Pass"},"geometry":{"type":"Point","coordinates":[171.62482,-42.90156]}},{"type":"Feature","properties":{"name":"Mingha Bivvy","kind":"hut","source":"DOC","km":2217.7,"section":"Boyle to Arthur's Pass"},"geometry":{"type":"Point","coordinates":[171.63011,-42.92264]}},{"type":"Feature","properties":{"name":"Arthur's Pass","kind":"resupply","source":"Resupply","km":2222.2,"section":"Boyle to Arthur's Pass"},"geometry":{"type":"Point","coordinates":[171.56138,-42.9393]}},{"type":"Feature","properties":{"name":"Klondyke Corner Campsite","kind":"campsite","source":"DOC","km":2227.5,"section":"Arthur's Pass to Rākaia River"},"geometry":{"type":"Point","coordinates":[171.58925,-43.00203]}},{"type":"Feature","properties":{"name":"Bealey Hut","kind":"hut","source":"DOC","km":2235,"section":"Arthur's Pass to Rākaia River"},"geometry":{"type":"Point","coordinates":[171.64176,-43.03777]}},{"type":"Feature","properties":{"name":"Lagoon Saddle Hut","kind":"hut","source":"DOC","km":2240.6,"section":"Arthur's Pass to Rākaia River"},"geometry":{"type":"Point","coordinates":[171.60112,-43.05486]}},{"type":"Feature","properties":{"name":"Lagoon Saddle A Frame Hut","kind":"hut","source":"DOC","km":2240.6,"section":"Arthur's Pass to Rākaia River"},"geometry":{"type":"Point","coordinates":[171.60169,-43.05513]}},{"type":"Feature","properties":{"name":"West Harper Hut","kind":"hut","source":"DOC","km":2246.1,"section":"Arthur's Pass to Rākaia River"},"geometry":{"type":"Point","coordinates":[171.60704,-43.09977]}},{"type":"Feature","properties":{"name":"Hamilton Hut","kind":"hut","source":"DOC","km":2250.1,"section":"Arthur's Pass to Rākaia River"},"geometry":{"type":"Point","coordinates":[171.62979,-43.12934]}},{"type":"Feature","properties":{"name":"Trustpower Campsite","kind":"campsite","source":"Private","km":2269.6,"section":"Arthur's Pass to Rākaia River"},"geometry":{"type":"Point","coordinates":[171.45745,-43.22175]}},{"type":"Feature","properties":{"name":"Lake Coleridge Village","kind":"food","source":"Resupply","km":2298.1,"section":"Arthur's Pass to Rākaia River"},"geometry":{"type":"Point","coordinates":[171.5326,-43.36596]}},{"type":"Feature","properties":{"name":"Methven","kind":"town","source":"Resupply","km":2298.3,"section":"Arthur's Pass to Rākaia River"},"geometry":{"type":"Point","coordinates":[171.64726,-43.63243]}},{"type":"Feature","properties":{"name":"A Frame Hut","kind":"hut","source":"DOC","km":2307.7,"section":"Rakaia River to Rangitata River"},"geometry":{"type":"Point","coordinates":[171.37037,-43.38286]}},{"type":"Feature","properties":{"name":"Comyns Hut","kind":"hut","source":"DOC","km":2314.3,"section":"Rakaia River to Rangitata River"},"geometry":{"type":"Point","coordinates":[171.36699,-43.42875]}},{"type":"Feature","properties":{"name":"Double Hut","kind":"hut","source":"DOC","km":2330.4,"section":"Rakaia River to Rangitata River"},"geometry":{"type":"Point","coordinates":[171.2605,-43.49551]}},{"type":"Feature","properties":{"name":"Manuka Hut","kind":"hut","source":"DOC","km":2335.6,"section":"Rakaia River to Rangitata River"},"geometry":{"type":"Point","coordinates":[171.25449,-43.5356]}},{"type":"Feature","properties":{"name":"Peel Forest Campground","kind":"campsite","source":"DOC","km":2348.1,"section":"Rakaia River to Rangitata River"},"geometry":{"type":"Point","coordinates":[171.26615,-43.88999]}},{"type":"Feature","properties":{"name":"Geraldine","kind":"town","source":"Resupply","km":2367.8,"section":"Rakaia River to Rangitata River"},"geometry":{"type":"Point","coordinates":[171.24259,-44.0921]}},{"type":"Feature","properties":{"name":"Peel Forest","kind":"resupply","source":"Resupply","km":2367.8,"section":"Rakaia River to Rangitata River"},"geometry":{"type":"Point","coordinates":[171.26038,-43.91122]}},{"type":"Feature","properties":{"name":"Mesopotamia Station","kind":"food","source":"Resupply","km":2367.8,"section":"Rakaia River to Rangitata River"},"geometry":{"type":"Point","coordinates":[170.88445,-43.66344]}},{"type":"Feature","properties":{"name":"Mt Potts Lodge","kind":"food","source":"Resupply","km":2367.8,"section":"Rakaia River to Rangitata River"},"geometry":{"type":"Point","coordinates":[170.92486,-43.50258]}},{"type":"Feature","properties":{"name":"Crooked Spur Hut","kind":"hut","source":"DOC","km":2377.9,"section":"Two Thumb Track"},"geometry":{"type":"Point","coordinates":[170.78984,-43.62389]}},{"type":"Feature","properties":{"name":"Stone Hut","kind":"hut","source":"DOC","km":2387.4,"section":"Two Thumb Track"},"geometry":{"type":"Point","coordinates":[170.77113,-43.68656]}},{"type":"Feature","properties":{"name":"Royal Hut","kind":"hut","source":"DOC","km":2393.5,"section":"Two Thumb Track"},"geometry":{"type":"Point","coordinates":[170.7342,-43.72588]}},{"type":"Feature","properties":{"name":"Camp Stream Hut","kind":"campsite","source":"Private","km":2408.4,"section":"Two Thumb Track"},"geometry":{"type":"Point","coordinates":[170.64921,-43.79386]}},{"type":"Feature","properties":{"name":"Lake Tekapo","kind":"town","source":"Resupply","km":2442.1,"section":"Two Thumb Track"},"geometry":{"type":"Point","coordinates":[170.47773,-44.00452]}},{"type":"Feature","properties":{"name":"Lake Tekapo Motels & Holiday Park","kind":"caravan-park","source":"Private","km":2442.3,"section":"Tekapo to Lake Ōhau"},"geometry":{"type":"Point","coordinates":[170.46452,-44.00081]}},{"type":"Feature","properties":{"name":"Pylon Campsite","kind":"campsite","source":"Private","km":2474.4,"section":"Tekapo to Lake Ōhau"},"geometry":{"type":"Point","coordinates":[170.22903,-44.14122]}},{"type":"Feature","properties":{"name":"Pines Campsite","kind":"campsite","source":"Private","km":2485,"section":"Tekapo to Lake Ōhau"},"geometry":{"type":"Point","coordinates":[170.15053,-44.18415]}},{"type":"Feature","properties":{"name":"Twizel","kind":"town","source":"Resupply","km":2496.6,"section":"Tekapo to Lake Ōhau"},"geometry":{"type":"Point","coordinates":[170.09941,-44.25748]}},{"type":"Feature","properties":{"name":"Lake Middleton Campsite","kind":"campsite","source":"DOC","km":2525.9,"section":"Tekapo to Lake Ōhau"},"geometry":{"type":"Point","coordinates":[169.84962,-44.27395]}},{"type":"Feature","properties":{"name":"East Ahuriri Hut","kind":"hut","source":"DOC","km":2544.8,"section":"East Ahuriri Track"},"geometry":{"type":"Point","coordinates":[169.7579,-44.34738]}},{"type":"Feature","properties":{"name":"Tin Hut (Private)","kind":"campsite","source":"Private","km":2565.7,"section":"Breast Hill Track"},"geometry":{"type":"Point","coordinates":[169.58939,-44.4498]}},{"type":"Feature","properties":{"name":"Top Timaru Hut","kind":"hut","source":"DOC","km":2579,"section":"Breast Hill Track"},"geometry":{"type":"Point","coordinates":[169.50139,-44.47048]}},{"type":"Feature","properties":{"name":"Stodys Hut","kind":"hut","source":"DOC","km":2592.6,"section":"Breast Hill Track"},"geometry":{"type":"Point","coordinates":[169.43564,-44.54427]}},{"type":"Feature","properties":{"name":"Pakituhi Hut","kind":"hut","source":"DOC","km":2603.3,"section":"Breast Hill Track"},"geometry":{"type":"Point","coordinates":[169.35617,-44.58166]}},{"type":"Feature","properties":{"name":"Lake Hāwea","kind":"resupply","source":"Resupply","km":2613.8,"section":"Gladstone to Wānaka"},"geometry":{"type":"Point","coordinates":[169.26406,-44.61267]}},{"type":"Feature","properties":{"name":"Albert Town","kind":"resupply","source":"Resupply","km":2627.2,"section":"Gladstone to Wānaka"},"geometry":{"type":"Point","coordinates":[169.18726,-44.68324]}},{"type":"Feature","properties":{"name":"Wanaka","kind":"town","source":"Resupply","km":2639,"section":"Glendhu Bay Track"},"geometry":{"type":"Point","coordinates":[169.13646,-44.69417]}},{"type":"Feature","properties":{"name":"Wanaka Top 10 Holiday Park","kind":"accommodation","source":"Private","km":2640.6,"section":"Glendhu Bay Track"},"geometry":{"type":"Point","coordinates":[169.10957,-44.70513]}},{"type":"Feature","properties":{"name":"Fern Burn Hut","kind":"hut","source":"DOC","km":2664.5,"section":"Motatapu Alpine Track"},"geometry":{"type":"Point","coordinates":[168.98467,-44.73976]}},{"type":"Feature","properties":{"name":"Highland Creek Hut","kind":"hut","source":"DOC","km":2670.6,"section":"Motatapu Alpine Track"},"geometry":{"type":"Point","coordinates":[168.94176,-44.77416]}},{"type":"Feature","properties":{"name":"Roses Hut","kind":"hut","source":"DOC","km":2680.9,"section":"Motatapu Alpine Track"},"geometry":{"type":"Point","coordinates":[168.86266,-44.80448]}},{"type":"Feature","properties":{"name":"Macetown Campsite","kind":"campsite","source":"DOC","km":2691.5,"section":"Motatapu Alpine Track"},"geometry":{"type":"Point","coordinates":[168.82098,-44.86689]}},{"type":"Feature","properties":{"name":"Arrowtown Hampshire Holiday Park","kind":"accommodation","source":"Private","km":2704.4,"section":"Wakatipu Track"},"geometry":{"type":"Point","coordinates":[168.83861,-44.94314]}},{"type":"Feature","properties":{"name":"Arrowtown","kind":"resupply","source":"Resupply","km":2704.4,"section":"Wakatipu Track"},"geometry":{"type":"Point","coordinates":[168.83508,-44.94056]}},{"type":"Feature","properties":{"name":"Frankton","kind":"town","source":"Resupply","km":2725.7,"section":"Wakatipu Track"},"geometry":{"type":"Point","coordinates":[168.7311,-45.02079]}},{"type":"Feature","properties":{"name":"Twelve Mile Delta Campsite","kind":"campsite","source":"DOC","km":2732.7,"section":"Wakatipu Track"},"geometry":{"type":"Point","coordinates":[168.54652,-45.06744]}},{"type":"Feature","properties":{"name":"Queenstown","kind":"town","source":"Resupply","km":2733.7,"section":"Wakatipu Track"},"geometry":{"type":"Point","coordinates":[168.661,-45.03219]}},{"type":"Feature","properties":{"name":"Kinloch Campsite","kind":"campsite","source":"DOC","km":2733.8,"section":"Wakatipu Track"},"geometry":{"type":"Point","coordinates":[168.34999,-44.84372]}},{"type":"Feature","properties":{"name":"Queenstown Holiday Park Creeksyde","kind":"caravan-park","source":"Private","km":2733.8,"section":"Wakatipu Track"},"geometry":{"type":"Point","coordinates":[168.66045,-45.02577]}},{"type":"Feature","properties":{"name":"Glenorchy","kind":"resupply","source":"Resupply","km":2733.8,"section":"Mavora Walkway"},"geometry":{"type":"Point","coordinates":[168.3852,-44.84975]}},{"type":"Feature","properties":{"name":"Slip Flat Hut","kind":"hut","source":"DOC","km":2744.3,"section":"Mavora Walkway"},"geometry":{"type":"Point","coordinates":[168.27436,-44.95628]}},{"type":"Feature","properties":{"name":"Greenstone Campsite","kind":"campsite","source":"DOC","km":2747.9,"section":"Mavora Walkway"},"geometry":{"type":"Point","coordinates":[168.26273,-44.97932]}},{"type":"Feature","properties":{"name":"Greenstone Hut","kind":"hut","source":"DOC","km":2748,"section":"Mavora Walkway"},"geometry":{"type":"Point","coordinates":[168.26161,-44.98012]}},{"type":"Feature","properties":{"name":"Taipo Hut","kind":"hut","source":"DOC","km":2757.6,"section":"Mavora Walkway"},"geometry":{"type":"Point","coordinates":[168.22226,-45.05092]}},{"type":"Feature","properties":{"name":"Boundary Hut","kind":"hut","source":"DOC","km":2769.3,"section":"Mavora Walkway"},"geometry":{"type":"Point","coordinates":[168.17925,-45.14018]}},{"type":"Feature","properties":{"name":"Careys Hut","kind":"hut","source":"DOC","km":2775.5,"section":"Mavora Walkway"},"geometry":{"type":"Point","coordinates":[168.16464,-45.18836]}},{"type":"Feature","properties":{"name":"Mavora Lakes Campsite","kind":"campsite","source":"DOC","km":2784.9,"section":"Mararoa River Track"},"geometry":{"type":"Point","coordinates":[168.175,-45.26801]}},{"type":"Feature","properties":{"name":"Kiwi Burn Hut","kind":"hut","source":"DOC","km":2801.3,"section":"Mararoa River Track"},"geometry":{"type":"Point","coordinates":[168.09082,-45.35517]}},{"type":"Feature","properties":{"name":"Te Anau","kind":"town","source":"Resupply","km":2829.8,"section":"Mararoa River Track"},"geometry":{"type":"Point","coordinates":[167.71749,-45.41449]}},{"type":"Feature","properties":{"name":"Mossburn","kind":"resupply","source":"Resupply","km":2829.8,"section":"Mararoa River Track"},"geometry":{"type":"Point","coordinates":[168.23477,-45.66933]}},{"type":"Feature","properties":{"name":"The Key (Princhester)","kind":"food","source":"Resupply","km":2829.8,"section":"Mararoa River Track"},"geometry":{"type":"Point","coordinates":[167.89516,-45.54532]}},{"type":"Feature","properties":{"name":"Lower Princhester Hut","kind":"hut","source":"DOC","km":2835.8,"section":"Tākitimu Track"},"geometry":{"type":"Point","coordinates":[167.95159,-45.59331]}},{"type":"Feature","properties":{"name":"Aparima Hut","kind":"hut","source":"DOC","km":2852.3,"section":"Tākitimu Track"},"geometry":{"type":"Point","coordinates":[167.99932,-45.70739]}},{"type":"Feature","properties":{"name":"Lower Wairaki Hut","kind":"hut","source":"DOC","km":2865.8,"section":"Tākitimu Track"},"geometry":{"type":"Point","coordinates":[167.94023,-45.77929]}},{"type":"Feature","properties":{"name":"Telford Campsite","kind":"campsite","source":"DOC","km":2873.7,"section":"Tākitimu Track"},"geometry":{"type":"Point","coordinates":[167.88116,-45.80392]}},{"type":"Feature","properties":{"name":"Nightcaps","kind":"resupply","source":"Resupply","km":2912.4,"section":"Birchwood to Merrivale"},"geometry":{"type":"Point","coordinates":[168.03114,-45.97044]}},{"type":"Feature","properties":{"name":"Tuatapere","kind":"resupply","source":"Resupply","km":2943.1,"section":"Longwood Forest Track"},"geometry":{"type":"Point","coordinates":[167.68985,-46.13164]}},{"type":"Feature","properties":{"name":"Otautau","kind":"resupply","source":"Resupply","km":2960.1,"section":"Longwood Forest Track"},"geometry":{"type":"Point","coordinates":[167.99722,-46.14273]}},{"type":"Feature","properties":{"name":"Martin's Hut","kind":"hut","source":"DOC","km":2976.9,"section":"Longwood Forest Track"},"geometry":{"type":"Point","coordinates":[167.86016,-46.26288]}},{"type":"Feature","properties":{"name":"Turnbull's (Big Dam) Hut","kind":"hut","source":"DOC","km":2981.6,"section":"Longwood Forest Track"},"geometry":{"type":"Point","coordinates":[167.85188,-46.29158]}},{"type":"Feature","properties":{"name":"Colac Bay","kind":"food","source":"Resupply","km":2996.5,"section":"Tīhaka Beach Track"},"geometry":{"type":"Point","coordinates":[167.91493,-46.36955]}},{"type":"Feature","properties":{"name":"Riverton Holiday Park","kind":"accommodation","source":"Private","km":3005.6,"section":"Tīhaka Beach Track"},"geometry":{"type":"Point","coordinates":[168.00766,-46.36221]}},{"type":"Feature","properties":{"name":"Riverton","kind":"town","source":"Resupply","km":3007.6,"section":"Oreti Beach Track"},"geometry":{"type":"Point","coordinates":[168.02027,-46.351]}},{"type":"Feature","properties":{"name":"Otatara","kind":"resupply","source":"Resupply","km":3034.4,"section":"Oreti Beach Track"},"geometry":{"type":"Point","coordinates":[168.28698,-46.43803]}},{"type":"Feature","properties":{"name":"Invercargill","kind":"town","source":"Resupply","km":3038.7,"section":"Invercargill to Bluff"},"geometry":{"type":"Point","coordinates":[168.34706,-46.41185]}},{"type":"Feature","properties":{"name":"Bluff","kind":"town","source":"Resupply","km":3072,"section":"Invercargill to Bluff"},"geometry":{"type":"Point","coordinates":[168.34337,-46.59882]}}]}